a|article
ability|noun
able|adjective
abortion|noun
about|preposition
about|adverb
above|preposition
above|adverb
abroad|adverb
absence|noun
absolute|adjective
absolutely|adverb
abstract|adjective
abuse|noun
academic|adjective
accent|noun
acceptable|adjective
acceptance|noun
access|noun
accessible|adjective
accident|noun
accomplishment|noun
according|preposition
account|noun
accountability|noun
accounting|noun
accuracy|noun
accurate|adjective
accurately|adverb
accusation|noun
achievement|noun
acid|noun
across|preposition
across|adverb
act|noun
action|noun
active|adjective
actively|adverb
activist|noun
activity|noun
actor|noun
actress|noun
actual|adjective
actually|adverb
ad|noun
added|adjective
addition|preposition
addition|noun
additional|adjective
address|noun
adequate|adjective
adjustment|noun
administration|noun
administrative|adjective
administrator|noun
admission|noun
adolescent|noun
adoption|noun
adult|noun
advance|noun
advanced|adjective
advantage|noun
adventure|noun
advertising|noun
advice|noun
adviser|noun
advocate|noun
aesthetic|adjective
affair|noun
afraid|adjective
African|adjective
African-American|adjective
after|preposition
after|conjunction
afternoon|noun
afterward|adverb
again|adverb
against|preposition
age|noun
agency|noun
agenda|noun
agent|noun
aggression|noun
aggressive|adjective
ago|adverb
agreement|noun
agricultural|adjective
agriculture|noun
ah|u
ahead|adverb
ahead|preposition
aid|noun
aide|noun
AIDS|noun
aim|noun
air|noun
aircraft|noun
airline|noun
airplane|noun
airport|noun
aisle|noun
alarm|noun
album|noun
alcohol|noun
alien|noun
alike|adverb
alive|adjective
all|determiner
all|adverb
allegation|noun
alleged|adjective
allegedly|adverb
alley|noun
alliance|noun
ally|noun
almost|adverb
alone|adverb
alone|adjective
along|preposition
along|adverb
alongside|preposition
already|adverb
also|adverb
alternative|noun
alternative|adjective
although|conjunction
altogether|adverb
aluminum|noun
always|adverb
AM|adverb
amazing|adjective
ambassador|noun
ambition|noun
ambitious|adjective
amendment|noun
American|adjective
American|noun
amid|preposition
among|preposition
amount|noun
analysis|noun
analyst|noun
ancestor|noun
ancient|adjective
and|conjunction
and/or|conjunction
angel|noun
anger|noun
angle|noun
angry|adjective
animal|noun
ankle|noun
anniversary|noun
announcement|noun
annual|adjective
annually|adverb
anonymous|adjective
another|determiner
another|pronoun
answer|noun
anxiety|noun
anxious|adjective
any|determiner
any|adverb
anybody|pronoun
anymore|adverb
anyone|pronoun
anything|pronoun
anyway|adverb
anywhere|adverb
apart|adverb
apart|preposition
apartment|noun
apology|noun
apparent|adjective
apparently|adverb
appeal|noun
appearance|noun
apple|noun
application|noun
appointment|noun
appreciation|noun
approach|noun
appropriate|adjective
approval|noun
approximately|adverb
Arab|adjective
Arab|noun
architect|noun
architecture|noun
area|noun
arena|noun
argument|noun
arm|noun
armed|adjective
army|noun
around|preposition
around|adverb
arrangement|noun
array|noun
arrest|noun
arrival|noun
arrow|noun
art|noun
article|noun
artifact|noun
artificial|adjective
artist|noun
artistic|adjective
as|conjunction
as|preposition
as|adverb
ash|noun
Asian|adjective
aside|adverb
asleep|adjective
aspect|noun
ass|noun
assault|noun
assembly|noun
assessment|noun
asset|noun
assignment|noun
assistance|noun
assistant|noun
assistant|adjective
associate|noun
associate|adjective
associated|adjective
association|noun
assumption|noun
astronomer|noun
at|preposition
athlete|noun
athletic|adjective
atmosphere|noun
atop|preposition
attack|noun
attempt|noun
attendance|noun
attention|noun
attitude|noun
attorney|noun
attraction|noun
attractive|adjective
auction|noun
audience|noun
aunt|noun
author|noun
authority|noun
auto|noun
automatic|adjective
automatically|adverb
automobile|noun
autonomy|noun
availability|noun
available|adjective
average|adjective
average|noun
awake|adjective
award|noun
aware|adjective
awareness|noun
away|adverb
away|preposition
awful|adjective
baby|noun
back|adverb
back|noun
background|noun
backyard|noun
bacteria|noun
bad|adjective
badly|adverb
bag|noun
balance|noun
balanced|adjective
ball|noun
balloon|noun
ballot|noun
ban|noun
banana|noun
band|noun
bank|noun
banker|noun
banking|noun
bankruptcy|noun
bar|noun
bare|adjective
barely|adverb
barn|noun
barrel|noun
barrier|noun
base|noun
baseball|noun
basement|noun
basic|adjective
basically|adverb
basis|noun
basket|noun
basketball|noun
bat|noun
bath|noun
bathroom|noun
battery|noun
battle|noun
bay|noun
beach|noun
beam|noun
bean|noun
bear|noun
beard|noun
beast|noun
beat|noun
beautiful|adjective
beauty|noun
because|conjunction
because|preposition
bed|noun
bedroom|noun
bee|noun
beef|noun
beer|noun
before|preposition
before|conjunction
before|adverb
beginning|noun
behalf|preposition
behavior|noun
behavioral|adjective
behind|preposition
behind|adverb
being|noun
belief|noun
bell|noun
belly|noun
below|adverb
below|preposition
belt|noun
bench|noun
beneath|preposition
benefit|noun
beside|preposition
besides|adverb
besides|preposition
best|adjective
best|adverb
bet|noun
better|adjective
better|adverb
between|preposition
beyond|preposition
beyond|adverb
bias|noun
Bible|noun
bicycle|noun
bid|noun
big|adjective
bike|noun
bill|noun
billion|number
biography|noun
biological|adjective
biology|noun
bird|noun
birth|noun
birthday|noun
bishop|noun
bit|noun
bit|adverb
bite|noun
bitter|adjective
black|adjective
black|noun
blade|noun
blank|adjective
blanket|noun
blast|noun
blessing|noun
blind|adjective
block|noun
blond|adjective
blood|noun
bloody|adjective
blow|noun
blue|adjective
blue|noun
board|noun
boat|noun
body|noun
bold|adjective
bolt|noun
bomb|noun
bombing|noun
bond|noun
bone|noun
bonus|noun
book|noun
boom|noun
boot|noun
booth|noun
border|noun
boring|adjective
boss|noun
both|determiner
both|adverb
bottle|noun
bottom|noun
bottom|adjective
boundary|noun
bow|noun
bowl|noun
box|noun
boy|noun
boyfriend|noun
brain|noun
brake|noun
branch|noun
brand|noun
brave|adjective
bread|noun
break|noun
breakfast|noun
breast|noun
breath|noun
breathing|noun
breeze|noun
brick|noun
bride|noun
bridge|noun
brief|adjective
briefly|adverb
bright|adjective
brilliant|adjective
British|adjective
broad|adjective
broadcast|noun
broken|adjective
broker|noun
bronze|noun
brother|noun
brown|adjective
brush|noun
brutal|adjective
bubble|noun
buck|noun
bucket|noun
buddy|noun
budget|noun
bug|noun
builder|noun
building|noun
bulb|noun
bulk|noun
bull|noun
bullet|noun
bunch|noun
burden|noun
bureau|noun
burning|adjective
bus|noun
bush|noun
business|noun
businessman|noun
busy|adjective
but|conjunction
but|preposition
butt|noun
butter|noun
butterfly|noun
button|noun
buyer|noun
by|preposition
by|adverb
cab|noun
cabin|noun
cabinet|noun
cable|noun
cage|noun
cake|noun
calculation|noun
calendar|noun
call|noun
calm|adjective
camera|noun
camp|noun
campaign|noun
campus|noun
can|verb modal
can|noun
Canadian|adjective
cancer|noun
candidate|noun
candle|noun
candy|noun
canvas|noun
cap|noun
capability|noun
capable|adjective
capacity|noun
capital|noun
captain|noun
car|noun
carbohydrate|noun
carbon|noun
card|noun
care|noun
career|noun
careful|adjective
carefully|adverb
cargo|noun
carpet|noun
carrier|noun
carrot|noun
cart|noun
cartoon|noun
case|noun
case|conjunction
cash|noun
casino|noun
cast|noun
casual|adjective
casualty|noun
cat|noun
catalog|noun
catch|noun
category|noun
Catholic|adjective
Catholic|noun
cattle|noun
cause|noun
cave|noun
ceiling|noun
celebration|noun
celebrity|noun
cell|noun
cemetery|noun
center|noun
central|adjective
century|noun
CEO|noun
ceremony|noun
certain|adjective
certainly|adverb
chain|noun
chair|noun
chairman|noun
challenge|noun
chamber|noun
champion|noun
championship|noun
chance|noun
change|noun
changing|adjective
channel|noun
chaos|noun
chapter|noun
character|noun
characteristic|noun
charge|noun
charge|preposition
charity|noun
charm|noun
chart|noun
charter|noun
cheap|adjective
check|noun
cheek|noun
cheese|noun
chef|noun
chemical|noun
chemical|adjective
chemistry|noun
chest|noun
chicken|noun
chief|adjective
chief|noun
child|noun
childhood|noun
chill|noun
chin|noun
Chinese|adjective
chip|noun
chocolate|noun
choice|noun
cholesterol|noun
Christian|adjective
Christian|noun
Christianity|noun
Christmas|noun
chronic|adjective
chunk|noun
church|noun
cigarette|noun
circle|noun
circuit|noun
circumstance|noun
citizen|noun
citizenship|noun
city|noun
civic|adjective
civil|adjective
civilian|adjective
civilian|noun
civilization|noun
claim|noun
class|noun
classic|adjective
classical|adjective
classroom|noun
clay|noun
clean|adjective
clear|adjective
clearly|adverb
clerk|noun
client|noun
cliff|noun
climate|noun
clinic|noun
clinical|adjective
clip|noun
clock|noun
close|adjective
close|adverb
closed|adjective
closely|adverb
closer|adjective
closest|adjective
closet|noun
cloth|noun
clothes|noun
clothing|noun
cloud|noun
club|noun
clue|noun
cluster|noun
coach|noun
coal|noun
coalition|noun
coast|noun
coastal|adjective
coat|noun
cocaine|noun
code|noun
coffee|noun
cognitive|adjective
coin|noun
cold|adjective
cold|noun
collaboration|noun
collapse|noun
collar|noun
colleague|noun
collection|noun
collective|adjective
collector|noun
college|noun
colonial|adjective
colony|noun
color|noun
colorful|adjective
column|noun
columnist|noun
combat|noun
combination|noun
combined|adjective
comedy|noun
comfort|noun
comfortable|adjective
coming|adjective
command|noun
commander|noun
comment|noun
commercial|adjective
commission|noun
commissioner|noun
commitment|noun
committee|noun
commodity|noun
common|adjective
commonly|adverb
communication|noun
community|noun
companion|noun
company|noun
comparable|adjective
comparison|noun
compelling|adjective
compensation|noun
competition|noun
competitive|adjective
competitor|noun
complaint|noun
complete|adjective
completely|adverb
complex|adjective
complex|noun
complexity|noun
compliance|noun
complicated|adjective
component|noun
composition|noun
compound|noun
comprehensive|adjective
compromise|noun
computer|noun
concentration|noun
concept|noun
conception|noun
concern|noun
concerned|adjective
concerning|preposition
concert|noun
conclusion|noun
concrete|adjective
condition|noun
conduct|noun
conference|noun
confession|noun
confidence|noun
confident|adjective
conflict|noun
confrontation|noun
confusion|noun
Congress|noun
congressional|adjective
connection|noun
conscience|noun
conscious|adjective
consciousness|noun
consecutive|adjective
consensus|noun
consent|noun
consequence|noun
consequently|adverb
conservation|noun
conservative|adjective
conservative|noun
considerable|adjective
considerably|adverb
consideration|noun
consistent|adjective
consistently|adverb
conspiracy|noun
constant|adjective
constantly|adverb
constitution|noun
constitutional|adjective
constraint|noun
construction|noun
consultant|noun
consumer|noun
consumption|noun
contact|noun
container|noun
contemporary|adjective
content|noun
content|adjective
contest|noun
context|noun
continent|noun
continued|adjective
continuing|adjective
continuous|adjective
contract|noun
contractor|noun
contrast|noun
contribution|noun
contributor|noun
control|noun
controversial|adjective
controversy|noun
convenience|noun
convention|noun
conventional|adjective
conversation|noun
conversion|noun
conviction|noun
convinced|adjective
cook|noun
cookie|noun
cooking|noun
cool|adjective
cooperation|noun
cooperative|adjective
coordinator|noun
cop|noun
copy|noun
cord|noun
core|noun
corn|noun
corner|noun
corporate|adjective
corporation|noun
correct|adjective
correctly|adverb
correlation|noun
correspondent|noun
corridor|noun
corruption|noun
cost|noun
costly|adjective
costume|noun
cottage|noun
cotton|noun
couch|noun
could|verb modal
council|noun
counsel|noun
counseling|noun
counselor|noun
count|noun
counter|noun
counterpart|noun
country|noun
county|noun
coup|noun
couple|noun
courage|noun
course|adverb
course|noun
court|noun
courtroom|noun
cousin|noun
cover|noun
coverage|noun
cow|noun
crack|noun
craft|noun
crash|noun
crazy|adjective
cream|noun
creation|noun
creative|adjective
creativity|noun
creature|noun
credibility|noun
credit|noun
crew|noun
crime|noun
criminal|adjective
criminal|noun
crisis|noun
criteria|noun
critic|noun
critical|adjective
criticism|noun
crop|noun
cross|noun
crowd|noun
crowded|adjective
crucial|adjective
cruel|adjective
cruise|noun
cry|noun
crystal|noun
Cuban|adjective
cue|noun
cultural|adjective
culture|noun
cup|noun
cure|noun
curiosity|noun
curious|adjective
currency|noun
current|adjective
currently|adverb
curriculum|noun
curtain|noun
curve|noun
custody|noun
custom|noun
customer|noun
cut|noun
cute|adjective
cycle|noun
dad|noun
daily|adjective
daily|adverb
dam|noun
damage|noun
damn|adjective
dance|noun
dancer|noun
dancing|noun
danger|noun
dangerous|adjective
dark|adjective
dark|noun
darkness|noun
data|noun
database|noun
date|noun
daughter|noun
dawn|noun
day|noun
dead|adjective
deadline|noun
deadly|adjective
deal|noun
dealer|noun
dear|adjective
death|noun
debate|noun
debris|noun
debt|noun
debut|noun
decade|noun
decent|adjective
decision|noun
deck|noun
decline|noun
deep|adjective
deep|adverb
deeply|adverb
deer|noun
defeat|noun
defendant|noun
defender|noun
defense|noun
defensive|adjective
deficit|noun
definitely|adverb
definition|noun
degree|noun
delay|noun
deliberately|adverb
delicate|adjective
delight|noun
delivery|noun
demand|noun
democracy|noun
Democrat|noun
democratic|adjective
demographic|adjective
demonstration|noun
denial|noun
dense|adjective
density|noun
department|noun
departure|noun
dependent|adjective
depending|preposition
deposit|noun
depressed|adjective
depression|noun
depth|noun
deputy|noun
description|noun
desert|noun
design|noun
designer|noun
desire|noun
desk|noun
desperate|adjective
desperately|adverb
despite|preposition
dessert|noun
destination|noun
destruction|noun
detail|noun
detailed|adjective
detective|noun
determination|noun
devastating|adjective
developer|noun
developing|adjective
development|noun
developmental|adjective
device|noun
devil|noun
diabetes|noun
diagnosis|noun
dialogue|noun
diamond|noun
diary|noun
diet|noun
difference|noun
different|adjective
differently|adverb
difficult|adjective
difficulty|noun
digital|adjective
dignity|noun
dilemma|noun
dimension|noun
dining|noun
dinner|noun
diplomat|noun
diplomatic|adjective
direct|adjective
direction|noun
directly|adverb
director|noun
dirt|noun
dirty|adjective
disability|noun
disabled|adjective
disappointed|adjective
disappointment|noun
disaster|noun
disc|noun
discipline|noun
discount|noun
discourse|noun
discovery|noun
discrimination|noun
discussion|noun
disease|noun
dish|noun
disk|noun
disorder|noun
display|noun
dispute|noun
distance|noun
distant|adjective
distinct|adjective
distinction|noun
distinctive|adjective
distribution|noun
district|noun
disturbing|adjective
diverse|adjective
diversity|noun
divine|adjective
division|noun
divorce|noun
DNA|noun
dock|noun
doctor|noun
doctrine|noun
document|noun
documentary|noun
dog|noun
doll|noun
domain|noun
domestic|adjective
dominant|adjective
donation|noun
donor|noun
door|noun
doorway|noun
dose|noun
dot|noun
double|adjective
doubt|noun
dough|noun
down|adverb
down|preposition
downtown|adjective
downtown|adverb
dozen|number
draft|noun
drama|noun
dramatic|adjective
dramatically|adverb
drawer|noun
drawing|noun
dream|noun
dress|noun
dried|adjective
drink|noun
drinking|noun
drive|noun
driver|noun
driveway|noun
driving|adjective
drop|noun
drug|noun
drum|noun
drunk|adjective
dry|adjective
duck|noun
due|preposition
due|adjective
dumb|adjective
during|preposition
dust|noun
Dutch|adjective
duty|noun
dying|adjective
dynamic|adjective
dynamics|noun
e-mail|noun
each|determiner
each|pronoun
eager|adjective
ear|noun
early|adjective
early|adverb
earnings|noun
earth|noun
earthquake|noun
ease|noun
easily|adverb
east|noun
eastern|adjective
easy|adjective
easy|adverb
eating|noun
ecological|adjective
economic|adjective
economically|adverb
economics|noun
economist|noun
economy|noun
ecosystem|noun
edge|noun
edition|noun
editor|noun
education|noun
educational|adjective
educator|noun
effect|noun
effective|adjective
effectively|adverb
effectiveness|noun
efficiency|noun
efficient|adjective
effort|noun
egg|noun
ego|noun
eight|number
eighth|number
either|adverb
either|determiner
elaborate|adjective
elbow|noun
elder|noun
elderly|adjective
election|noun
electric|adjective
electrical|adjective
electricity|noun
electronic|adjective
electronics|noun
elegant|adjective
element|noun
elementary|adjective
elephant|noun
elevator|noun
eleven|number
eligible|adjective
elite|noun
else|adverb
elsewhere|adverb
embarrassed|adjective
emergency|noun
emerging|adjective
emission|noun
emotion|noun
emotional|adjective
emotionally|adverb
emphasis|noun
empire|noun
employee|noun
employer|noun
employment|noun
empty|adjective
encounter|noun
encouraging|adjective
end|noun
endless|adjective
enemy|noun
energy|noun
enforcement|noun
engagement|noun
engine|noun
engineer|noun
engineering|noun
English|adjective
English|noun
enormous|adjective
enough|adverb
enough|determiner
enterprise|noun
entertainment|noun
enthusiasm|noun
entire|adjective
entirely|adverb
entity|noun
entrance|noun
entrepreneur|noun
entry|noun
envelope|noun
environment|noun
environmental|adjective
epidemic|noun
episode|noun
equal|adjective
equality|noun
equally|adverb
equation|noun
equipment|noun
equity|noun
equivalent|noun
era|noun
error|noun
escape|noun
especially|adverb
essay|noun
essence|noun
essential|adjective
essentially|adverb
establishment|noun
estate|noun
estimate|noun
estimated|adjective
etc|adverb
ethical|adjective
ethics|noun
ethnic|adjective
European|adjective
European|noun
evaluation|noun
even|adverb
even|conjunction
evening|noun
event|noun
eventually|adverb
ever|adverb
every|article
everybody|pronoun
everyday|adjective
everyone|pronoun
everything|pronoun
everywhere|adverb
evidence|noun
evident|adjective
evil|noun
evil|adjective
evolution|noun
exact|adjective
exactly|adverb
exam|noun
examination|noun
example|noun
excellent|adjective
except|preposition
except|conjunction
exception|noun
excessive|adjective
exchange|noun
excited|adjective
excitement|noun
exciting|adjective
exclusive|adjective
exclusively|adverb
excuse|noun
execution|noun
executive|noun
exercise|noun
exhibit|noun
exhibition|noun
existence|noun
existing|adjective
exit|noun
exotic|adjective
expansion|noun
expectation|noun
expected|adjective
expedition|noun
expense|noun
expensive|adjective
experience|noun
experienced|adjective
experiment|noun
experimental|adjective
expert|noun
expertise|noun
explanation|noun
explicit|adjective
exploration|noun
explosion|noun
export|noun
exposure|noun
expression|noun
extended|adjective
extension|noun
extensive|adjective
extent|noun
external|adjective
extra|adjective
extraordinary|adjective
extreme|adjective
extremely|adverb
eye|noun
eyebrow|noun
fabric|noun
face|noun
facility|noun
fact|noun
factor|noun
factory|noun
faculty|noun
failure|noun
faint|adjective
fair|adjective
fairly|adverb
faith|noun
fall|noun
falso |adjective
fame|noun
familiar|adjective
family|noun
famous|adjective
fan|noun
fantastic|adjective
fantasy|noun
far|adverb
far|adjective
far|conjunction
fare|noun
farm|noun
farmer|noun
fascinating|adjective
fashion|noun
fast|adverb
fast|adjective
faster|adjective
fat|noun
fat|adjective
fatal|adjective
fate|noun
father|noun
fatigue|noun
fault|noun
favor|noun
favor|preposition
favorable|adjective
favorite|adjective
favorite|noun
fear|noun
feather|noun
feature|noun
federal|adjective
fee|noun
feedback|noun
feel|noun
feeling|noun
fellow|adjective
fellow|noun
female|adjective
female|noun
feminist|adjective
fence|noun
festival|noun
fever|noun
few|determiner
fewer|determiner
fiber|noun
fiction|noun
field|noun
fierce|adjective
fifteen|number
fifth|number
fifty|number
fight|noun
fighter|noun
fighting|noun
figure|noun
file|noun
film|noun
filter|noun
final|adjective
final|noun
finally|adverb
finance|noun
financial|adjective
finding|noun
fine|adjective
finger|noun
finish|noun
fire|noun
firm|noun
firm|adjective
firmly|adverb
first|number
first|adverb
fiscal|adjective
fish|noun
fisherman|noun
fishing|noun
fist|noun
fit|adjective
fitness|noun
five|number
fixed|adjective
flag|noun
flame|noun
flash|noun
flat|adjective
flavor|noun
fleet|noun
flesh|noun
flexibility|noun
flexible|adjective
flight|noun
flood|noun
floor|noun
flour|noun
flow|noun
flower|noun
fluid|noun
fly|noun
flying|adjective
focus|noun
fog|noun
folk|noun
following|adjective
food|noun
fool|noun
foot|noun
football|noun
for|preposition
for|conjunction
force|noun
forehead|noun
foreign|adjective
foreigner|noun
forest|noun
forever|adverb
fork|noun
form|noun
formal|adjective
format|noun
formation|noun
former|determiner
formerly|adverb
formula|noun
forth|adverb
fortunately|adverb
fortune|noun
forty|number
forum|noun
forward|adverb
foundation|noun
founder|noun
four|number
fourth|number
fraction|noun
fragile|adjective
fragment|noun
frame|noun
framework|noun
franchise|noun
frankly|adverb
fraud|noun
free|adjective
freedom|noun
freely|adverb
French|adjective
French|noun
frequency|noun
frequent|adjective
frequently|adverb
fresh|adjective
freshman|noun
friend|noun
friendly|adjective
friendship|noun
from|preposition
front|preposition
front|adjective
front|noun
frontier|noun
frozen|adjective
fruit|noun
frustration|noun
fucking|adjective
fuel|noun
full|adjective
full-time|adjective
fully|adverb
fun|noun
fun|adjective
function|noun
functional|adjective
fund|noun
fundamental|adjective
funding|noun
funeral|noun
funny|adjective
fur|noun
furniture|noun
furthermore|adverb
future|noun
future|adjective
gain|noun
galaxy|noun
gallery|noun
game|noun
gang|noun
gap|noun
garage|noun
garbage|noun
garden|noun
garlic|noun
gas|noun
gasoline|noun
gate|noun
gathering|noun
gay|adjective
gaze|noun
gear|noun
gender|noun
gene|noun
general|adjective
general|adverb
general|noun
generally|adverb
generation|noun
generous|adjective
genetic|adjective
genius|noun
genre|noun
gentle|adjective
gentleman|noun
gently|adverb
genuine|adjective
German|adjective
German|noun
gesture|noun
ghost|noun
giant|adjective
giant|noun
gift|noun
gifted|adjective
girl|noun
girlfriend|noun
given|adjective
glad|adjective
glance|noun
glass|noun
glimpse|noun
global|adjective
globe|noun
glory|noun
glove|noun
goal|noun
goat|noun
God|noun
gold|noun
golden|adjective
golf|noun
good|adjective
good|noun
government|noun
governor|noun
grace|noun
grade|noun
gradually|adverb
graduate|noun
graduation|noun
grain|noun
grand|adjective
grandchild|noun
grandfather|noun
grandmother|noun
grandparent|noun
grant|noun
grape|noun
grass|noun
grateful|adjective
grave|noun
gravity|noun
gray|adjective
great|adjective
greatest|adjective
greatly|adverb
Greek|adjective
green|adjective
green|noun
grief|noun
grin|noun
grip|noun
grocery|noun
gross|adjective
ground|noun
group|noun
growing|adjective
growth|noun
guarantee|noun
guard|noun
guest|noun
guidance|noun
guide|noun
guideline|noun
guilt|noun
guilty|adjective
guitar|noun
gun|noun
gut|noun
guy|noun
gym|noun
ha|u
habit|noun
habitat|noun
hair|noun
half|determiner
half|noun
halfway|adverb
hall|noun
hallway|noun
hand|noun
handful|noun
handle|noun
handsome|adjective
happily|adverb
happiness|noun
happy|adjective
harassment|noun
hard|adjective
hard|adverb
hardly|adverb
hardware|noun
harm|noun
harmony|noun
harsh|adjective
harvest|noun
hat|noun
hay|noun
hazard|noun
he|pronoun
head|noun
headache|noun
headline|noun
headquarters|noun
health|noun
healthy|adjective
hearing|noun
heart|noun
heat|noun
heaven|noun
heavily|adverb
heavy|adjective
heel|noun
height|noun
helicopter|noun
hell|noun
hello|u
helmet|noun
help|noun
helpful|adjective
hence|adverb
her|article
her|pronoun
herb|noun
here|adverb
heritage|noun
hero|noun
hers|pronoun
herself|pronoun
hey|u
hi|u
hidden|adjective
high|adjective
high|adverb
high-tech|adjective
highly|adverb
highway|noun
hill|noun
him|pronoun
himself|pronoun
hint|noun
hip|noun
his|article
his|pronoun
Hispanic|adjective
historian|noun
historic|adjective
historical|adjective
historically|adverb
history|noun
hit|noun
hockey|noun
hold|noun
hole|noun
holiday|noun
holy|adjective
home|noun
home|adverb
homeland|noun
homeless|adjective
homework|noun
honest|adjective
honestly|adverb
honey|noun
honor|noun
hook|noun
hope|noun
hopefully|adverb
horizon|noun
hormone|noun
horn|noun
horrible|adjective
horror|noun
horse|noun
hospital|noun
host|noun
hostage|noun
hostile|adjective
hot|adjective
hotel|noun
hour|noun
house|noun
household|noun
housing|noun
how|adverb
however|adverb
huge|adjective
huh|u
human|adjective
human|noun
humanity|noun
humor|noun
hundred|number
hunger|noun
hungry|adjective
hunter|noun
hunting|noun
hurricane|noun
husband|noun
hypothesis|noun
I|pronoun
ice|noun
icon|noun
idea|noun
ideal|adjective
ideal|noun
identical|adjective
identification|noun
identity|noun
ideological|adjective
ideology|noun
ie|adverb
if|conjunction
ill|adjective
illegal|adjective
illness|noun
illusion|noun
image|noun
imagination|noun
immediate|adjective
immediately|adverb
immigrant|noun
immigration|noun
immune|adjective
impact|noun
implementation|noun
implication|noun
import|noun
importance|noun
important|adjective
importantly|adverb
impossible|adjective
impression|noun
impressive|adjective
improved|adjective
improvement|noun
impulse|noun
in|preposition
in|adverb
in|conjunction
incentive|noun
incident|noun
including|preposition
income|noun
increase|noun
increased|adjective
increasing|adjective
increasingly|adverb
incredible|adjective
incredibly|adverb
indeed|adverb
independence|noun
independent|adjective
index|noun
Indian|adjective
Indian|noun
indication|noun
indicator|noun
indigenous|adjective
individual|noun
individual|adjective
industrial|adjective
industry|noun
inevitable|adjective
inevitably|adverb
infant|noun
infection|noun
inflation|noun
influence|noun
influential|adjective
informal|adjective
information|noun
infrastructure|noun
ingredient|noun
inherent|adjective
initial|adjective
initially|adverb
initiative|noun
injury|noun
inmate|noun
inner|adjective
innocent|adjective
innovation|noun
innovative|adjective
input|noun
inquiry|noun
insect|noun
inside|preposition
inside|adverb
inside|noun
insight|noun
inspection|noun
inspector|noun
inspiration|noun
installation|noun
instance|noun
instant|adjective
instant|noun
instantly|adverb
instead|adverb
instead|preposition
instinct|noun
institution|noun
institutional|adjective
instruction|noun
instructional|adjective
instructor|noun
instrument|noun
insurance|noun
intact|adjective
integrated|adjective
integration|noun
integrity|noun
intellectual|adjective
intellectual|noun
intelligence|noun
intelligent|adjective
intense|adjective
intensity|noun
intent|noun
intention|noun
interaction|noun
interest|noun
interested|adjective
interesting|adjective
interior|noun
interior|adjective
internal|adjective
international|adjective
Internet|noun
interpretation|noun
interval|noun
intervention|noun
interview|noun
intimate|adjective
into|preposition
introduction|noun
invasion|noun
invention|noun
inventory|noun
investigation|noun
investigator|noun
investment|noun
investor|noun
invisible|adjective
invitation|noun
involved|adjective
involvement|noun
Iraqi|adjective
Irish|adjective
iron|noun
ironically|adverb
irony|noun
Islam|noun
Islamic|adjective
island|noun
isolated|adjective
isolation|noun
Israeli|adjective
Israeli|noun
issue|noun
it|pronoun
Italian|adjective
item|noun
its|article
itself|pronoun
jacket|noun
jail|noun
Japanese|adjective
Japanese|noun
jar|noun
jaw|noun
jazz|noun
jeans|noun
jet|noun
Jew|noun
jewelry|noun
Jewish|adjective
job|noun
joint|adjective
joke|noun
journal|noun
journalism|noun
journalist|noun
journey|noun
joy|noun
judge|noun
judgment|noun
judicial|adjective
juice|noun
jump|noun
jungle|noun
junior|adjective
jurisdiction|noun
juror|noun
jury|noun
just|adverb
just|adjective
justice|noun
key|adjective
key|noun
kid|noun
killer|noun
killing|noun
kind|noun
kind|adverb
king|noun
kingdom|noun
kiss|noun
kit|noun
kitchen|noun
knee|noun
knife|noun
knowledge|noun
known|adjective
Korean|adjective
lab|noun
label|noun
labor|noun
laboratory|noun
lack|noun
ladder|noun
lady|noun
lake|noun
lamp|noun
land|noun
landing|noun
landmark|noun
landscape|noun
lane|noun
language|noun
lap|noun
large|adjective
largely|adverb
laser|noun
last|number
last|adverb
late|adjective
late|adverb
lately|adverb
later|adverb
later|adjective
Latin|adjective
latter|determiner
laugh|noun
laughter|noun
launch|noun
laundry|noun
law|noun
lawmaker|noun
lawn|noun
lawsuit|noun
lawyer|noun
layer|noun
lead|noun
leader|noun
leadership|noun
leading|adjective
leaf|noun
league|noun
learning|noun
least|adverb
leather|noun
leave|noun
lecture|noun
left|adjective
leg|noun
legacy|noun
legal|adjective
legally|adverb
legend|noun
legislation|noun
legislative|adjective
legislator|noun
legislature|noun
legitimate|adjective
lemon|noun
length|noun
lens|noun
less|adverb
less|determiner
lesson|noun
letter|noun
level|noun
level|adjective
liability|noun
liberal|adjective
liberal|noun
liberty|noun
library|noun
license|noun
lid|noun
lie|noun
life|noun
lifestyle|noun
lifetime|noun
light|noun
light|adjective
light|preposition
lighting|noun
lightly|adverb
lightning|noun
like|preposition
like|conjunction
like|adjective
like|adverb
likelihood|noun
likely|adjective
likely|adverb
likewise|adverb
limb|noun
limit|noun
limitation|noun
limited|adjective
line|noun
link|noun
lion|noun
lip|noun
liquid|noun
liquid|adjective
list|noun
listener|noun
literally|adverb
literary|adjective
literature|noun
little|adjective
little|adverb
little|determiner
live|adjective
liver|noun
living|noun
living|adjective
load|noun
loan|noun
lobby|noun
local|adjective
location|noun
lock|noun
log|noun
logic|noun
logical|adjective
lonely|adjective
long|adjective
long|adverb
long|conjunction
long-term|adjective
longtime|adjective
look|noun
loop|noun
loose|adjective
loss|noun
lost|adjective
lot|noun
lots|pronoun
loud|adjective
loud|adverb
love|noun
lovely|adjective
lover|noun
low|adjective
low|adverb
loyal|adjective
loyalty|noun
luck|noun
lucky|adjective
lunch|noun
lung|noun
machine|noun
mad|adjective
magazine|noun
magic|adjective
magic|noun
magnetic|adjective
magnitude|noun
mail|noun
main|adjective
mainly|adverb
mainstream|adjective
maintenance|noun
major|adjective
major|noun
majority|noun
maker|noun
makeup|noun
male|adjective
male|noun
mall|noun
man|noun
management|noun
manager|noun
managing|adjective
mandate|noun
manner|noun
mansion|noun
manual|noun
manufacturer|noun
manufacturing|noun
many|determiner
map|noun
marble|noun
margin|noun
marine|adjective
mark|noun
marker|noun
market|noun
marketing|noun
marketplace|noun
marriage|noun
married|adjective
mask|noun
mass|noun
mass|adjective
massive|adjective
master|noun
match|noun
mate|noun
material|noun
math|noun
mathematics|noun
matter|noun
matter|determiner
maximum|adjective
may|verb modal
maybe|adverb
mayor|noun
me|pronoun
meal|noun
mean|noun
mean|adjective
meaning|noun
meaningful|adjective
meantime|noun
meanwhile|adverb
measure|noun
measurement|noun
meat|noun
mechanic|noun
mechanical|adjective
mechanism|noun
medal|noun
media|noun
medical|adjective
medication|noun
medicine|noun
medium|noun
medium|adjective
meeting|noun
member|noun
membership|noun
memory|noun
mental|adjective
mentally|adverb
mention|noun
mentor|noun
menu|noun
merchant|noun
mere|adjective
merely|adverb
merit|noun
mess|noun
message|noun
metal|noun
metaphor|noun
meter|noun
method|noun
metropolitan|adjective
Mexican|adjective
middle|adjective
middle|noun
middle-class|adjective
midnight|noun
midst|noun
might|verb modal
migration|noun
mild|adjective
military|adjective
military|noun
milk|noun
mill|noun
million|number
mind|noun
mine|pronoun
mine|noun
mineral|noun
minimal|adjective
minimum|adjective
minimum|noun
minister|noun
ministry|noun
minor|adjective
minority|noun
minute|noun
miracle|noun
mirror|noun
missile|noun
missing|adjective
mission|noun
missionary|noun
mistake|noun
mix|noun
mixed|adjective
mixture|noun
mm-hmm|u
mobile|adjective
mode|noun
model|noun
moderate|adjective
modern|adjective
modest|adjective
molecule|noun
mom|noun
moment|noun
momentum|noun
money|noun
monitor|noun
monkey|noun
monster|noun
month|noun
monthly|adjective
monument|noun
mood|noun
moon|noun
moral|adjective
more|adverb
more|determiner
moreover|adverb
morning|noun
mortality|noun
mortgage|noun
most|adverb
most|determiner
mostly|adverb
mother|noun
motion|noun
motivation|noun
motive|noun
motor|noun
mountain|noun
mouse|noun
mouth|noun
move|noun
movement|noun
movie|noun
Mr.|noun
Mrs|noun
Ms|noun
much|determiner
much|adverb
mud|noun
multiple|adjective
municipal|adjective
murder|noun
muscle|noun
museum|noun
mushroom|noun
music|noun
musical|adjective
musician|noun
Muslim|adjective
Muslim|noun
must|verb modal
mutual|adjective
my|article
myself|pronoun
mysterious|adjective
mystery|noun
myth|noun
n't|x
nail|noun
naked|adjective
name|noun
narrative|noun
narrow|adjective
nasty|adjective
nation|noun
national|adjective
nationwide|adverb
native|adjective
natural|adjective
naturally|adverb
nature|noun
naval|adjective
near|preposition
near|adjective
near|adverb
nearby|adjective
nearby|adverb
nearly|adverb
neat|adjective
necessarily|adverb
necessary|adjective
necessity|noun
neck|noun
need|noun
needle|noun
negative|adjective
negotiation|noun
neighbor|noun
neighborhood|noun
neighboring|adjective
neither|adverb
neither|determiner
nerve|noun
nervous|adjective
nest|noun
net|noun
net|adjective
network|noun
neutral|adjective
never|adverb
nevertheless|adverb
new|adjective
newly|adverb
news|noun
newspaper|noun
next|number
next|preposition
nice|adjective
night|noun
nightmare|noun
nine|number
no|article
no|adverb
no|u
no|pronoun
no|determiner
nobody|pronoun
noise|noun
nomination|noun
nominee|noun
none|pronoun
nonetheless|adverb
nonprofit|adjective
noon|noun
nor|conjunction
norm|noun
normal|adjective
normally|adverb
north|noun
northeast|noun
northern|adjective
northwest|noun
nose|noun
not|x
not|conjunction
note|noun
notebook|noun
nothing|pronoun
notice|noun
notion|noun
novel|noun
now|adverb
now|conjunction
nowhere|adverb
nuclear|adjective
number|noun
numerous|adjective
nurse|noun
nut|noun
nutrient|noun
o'clock|adverb
oak|noun
object|noun
objection|noun
objective|noun
obligation|noun
observation|noun
observer|noun
obstacle|noun
obvious|adjective
obviously|adverb
occasion|noun
occasional|adjective
occasionally|adverb
occupation|noun
ocean|noun
odd|adjective
odds|noun
of|preposition
off|adverb
off|preposition
offender|noun
offense|noun
offensive|adjective
offer|noun
offering|noun
office|noun
officer|noun
official|noun
official|adjective
officially|adverb
often|adverb
oh|u
oil|noun
ok|adverb
OK|adjective
okay|adverb
okay|adjective
old|adjective
old-fashioned|adjective
Olympic|adjective
Olympics|noun
on|preposition
on|adverb
once|adverb
once|conjunction
one|number
one|pronoun
one|noun
one-third|number
ongoing|adjective
onion|noun
online|adjective
online|adverb
only|adverb
only|adjective
onto|preposition
open|adjective
opening|noun
openly|adverb
opera|noun
operating|noun
operation|noun
operator|noun
opinion|noun
opponent|noun
opportunity|noun
opposed|preposition
opposite|adjective
opposition|noun
optimistic|adjective
option|noun
or|conjunction
oral|adjective
orange|adjective
orange|noun
orbit|noun
order|noun
ordinary|adjective
organ|noun
organic|adjective
organism|noun
organization|noun
organizational|adjective
organized|adjective
orientation|noun
origin|noun
original|adjective
originally|adverb
other|adjective
other|pronoun
other|preposition
others|noun
otherwise|adverb
ought|verb
our|article
ours|pronoun
ourselves|pronoun
out|adverb
out|preposition
outcome|noun
outdoor|adjective
outer|adjective
outfit|noun
outlet|noun
output|noun
outside|preposition
outside|adverb
outside|adjective
outsider|noun
outstanding|adjective
oven|noun
over|preposition
over|adverb
overall|adjective
overall|adverb
overnight|adverb
overwhelming|adjective
own|determiner
owner|noun
ownership|noun
oxygen|noun
pace|noun
pack|noun
package|noun
pad|noun
page|noun
pain|noun
painful|adjective
paint|noun
painter|noun
painting|noun
pair|noun
palace|noun
pale|adjective
Palestinian|adjective
Palestinian|noun
palm|noun
pan|noun
panel|noun
panic|noun
pant|noun
paper|noun
parade|noun
parent|noun
parental|adjective
parish|noun
park|noun
parking|noun
part|noun
part|adverb
part|preposition
partial|adjective
partially|adverb
participant|noun
participation|noun
particle|noun
particular|adjective
particular|adverb
particularly|adverb
partly|adverb
partner|noun
partnership|noun
party|noun
pass|noun
passage|noun
passenger|noun
passing|adjective
passion|noun
past|adjective
past|noun
past|preposition
past|adverb
pasta|noun
pastor|noun
patch|noun
patent|noun
path|noun
patience|noun
patient|noun
patient|adjective
patrol|noun
patron|noun
pattern|noun
pause|noun
pay|noun
payment|noun
PC|noun
peace|noun
peaceful|adjective
peak|noun
peanut|noun
peasant|noun
peer|noun
pen|noun
penalty|noun
pencil|noun
pension|noun
people|noun
pepper|noun
per|preposition
perceived|adjective
percentage|noun
perception|noun
perfect|adjective
perfectly|adverb
performance|noun
performer|noun
perhaps|adverb
period|noun
permanent|adjective
permission|noun
permit|noun
Persian|adjective
person|noun
personal|adjective
personality|noun
personally|adverb
personnel|noun
perspective|noun
pet|noun
phase|noun
phenomenon|noun
philosophical|adjective
philosophy|noun
phone|noun
photo|noun
photograph|noun
photographer|noun
photography|noun
phrase|noun
physical|adjective
physically|adverb
physician|noun
physics|noun
piano|noun
pickup|noun
picture|noun
pie|noun
piece|noun
pig|noun
pile|noun
pill|noun
pillow|noun
pilot|noun
pin|noun
pine|noun
pink|adjective
pioneer|noun
pipe|noun
pistol|noun
pit|noun
pitch|noun
pitcher|noun
pizza|noun
place|noun
placement|noun
plain|adjective
plain|noun
plaintiff|noun
plan|noun
plane|noun
planet|noun
planner|noun
planning|noun
plant|noun
plastic|noun
plate|noun
platform|noun
play|noun
player|noun
playoff|noun
plea|noun
pleasant|adjective
please|adverb
pleased|adjective
pleasure|noun
plenty|pronoun
plot|noun
plus|preposition
PM|adverb
pocket|noun
poem|noun
poet|noun
poetry|noun
point|noun
pole|noun
police|noun
policeman|noun
policy|noun
political|adjective
politically|adverb
politician|noun
politics|noun
poll|noun
pollution|noun
pond|noun
pool|noun
poor|adjective
pop|noun
popular|adjective
popularity|noun
population|noun
porch|noun
pork|noun
port|noun
portfolio|noun
portion|noun
portrait|noun
position|noun
positive|adjective
possession|noun
possibility|noun
possible|adjective
possibly|adverb
post|noun
poster|noun
pot|noun
potato|noun
potential|adjective
potential|noun
potentially|adverb
pound|noun
poverty|noun
powder|noun
power|noun
powerful|adjective
practical|adjective
practically|adverb
practice|noun
practitioner|noun
praise|noun
prayer|noun
precious|adjective
precise|adjective
precisely|adverb
predator|noun
prediction|noun
preference|noun
pregnancy|noun
pregnant|adjective
preliminary|adjective
premise|noun
premium|noun
preparation|noun
prescription|noun
presence|noun
present|adjective
present|noun
presentation|noun
presidency|noun
president|noun
presidential|adjective
press|noun
pressure|noun
presumably|adverb
pretty|adverb
pretty|adjective
prevention|noun
previous|adjective
previously|adverb
price|noun
pride|noun
priest|noun
primarily|adverb
primary|adjective
primary|noun
prime|adjective
principal|noun
principal|adjective
principle|noun
print|noun
prior|preposition
prior|adjective
priority|noun
prison|noun
prisoner|noun
privacy|noun
private|adjective
privately|adverb
privilege|noun
prize|noun
pro|noun
pro|adjective
probably|adverb
problem|noun
procedure|noun
process|noun
processing|noun
processor|noun
producer|noun
product|noun
production|noun
productive|adjective
productivity|noun
profession|noun
professional|adjective
professional|noun
professor|noun
profile|noun
profit|noun
profound|adjective
program|noun
programming|noun
progress|noun
progressive|adjective
project|noun
projection|noun
prominent|adjective
promise|noun
promising|adjective
promotion|noun
proof|noun
proper|adjective
properly|adverb
property|noun
proportion|noun
proposal|noun
proposed|adjective
prosecution|noun
prosecutor|noun
prospect|noun
protection|noun
protective|adjective
protein|noun
protest|noun
protocol|noun
proud|adjective
provided|conjunction
provider|noun
province|noun
provision|noun
psychological|adjective
psychologist|noun
psychology|noun
public|adjective
public|noun
public|adverb
publication|noun
publicity|noun
publicly|adverb
publisher|noun
pulse|noun
pump|noun
punishment|noun
purchase|noun
pure|adjective
purple|adjective
purpose|noun
purse|noun
pursuit|noun
puzzle|noun
quality|noun
quantity|noun
quarter|noun
quarterback|noun
queen|noun
quest|noun
question|noun
questionnaire|noun
quick|adjective
quickly|adverb
quiet|adjective
quietly|adverb
quite|adverb
quote|noun
rabbit|noun
race|noun
racial|adjective
racism|noun
rack|noun
radar|noun
radiation|noun
radical|adjective
radio|noun
rage|noun
rail|noun
railroad|noun
rain|noun
rally|noun
ranch|noun
random|adjective
range|noun
rank|noun
rape|noun
rapid|adjective
rapidly|adverb
rare|adjective
rarely|adverb
rat|noun
rate|noun
rather|adverb
rather|adverb
rather|conjunction
rating|noun
ratio|noun
rational|adjective
raw|adjective
re|preposition
reach|noun
reaction|noun
reader|noun
readily|adverb
reading|noun
ready|adjective
real|adjective
realistic|adjective
reality|noun
really|adverb
realm|noun
rear|adjective
reason|noun
reasonable|adjective
rebel|noun
receiver|noun
recent|adjective
recently|adverb
reception|noun
recession|noun
recipe|noun
recipient|noun
recognition|noun
recommendation|noun
record|noun
recording|noun
recovery|noun
red|adjective
reduction|noun
reference|noun
reflection|noun
reform|noun
refrigerator|noun
refuge|noun
refugee|noun
regard|preposition
regard|noun
regarding|preposition
regardless|adverb
regime|noun
region|noun
regional|adjective
regular|adjective
regularly|adverb
regulation|noun
regulator|noun
regulatory|adjective
rehabilitation|noun
related|adjective
relation|noun
relationship|noun
relative|noun
relative|adjective
relatively|adverb
release|noun
relevant|adjective
reliability|noun
reliable|adjective
relief|noun
religion|noun
religious|adjective
reluctant|adjective
remaining|adjective
remark|noun
remarkable|adjective
reminder|noun
remote|adjective
removal|noun
rent|noun
rental|noun
repair|noun
repeatedly|adverb
replacement|noun
report|noun
reportedly|adverb
reporter|noun
reporting|noun
representation|noun
representative|noun
representative|adjective
republic|noun
Republican|noun
republican|adjective
reputation|noun
request|noun
required|adjective
requirement|noun
rescue|noun
research|noun
researcher|noun
reservation|noun
reserve|noun
residence|noun
resident|noun
residential|adjective
resistance|noun
resolution|noun
resort|noun
resource|noun
respect|noun
respect|preposition
respectively|adverb
respondent|noun
response|noun
response|preposition
responsibility|noun
responsible|adjective
rest|noun
restaurant|noun
restriction|noun
result|noun
retail|adjective
retailer|noun
retired|adjective
retirement|noun
retreat|noun
return|noun
revelation|noun
revenue|noun
review|noun
revolution|noun
revolutionary|adjective
reward|noun
rhetoric|noun
rhythm|noun
rib|noun
ribbon|noun
rice|noun
rich|adjective
ride|noun
rider|noun
ridge|noun
ridiculous|adjective
rifle|noun
right|adverb
right|noun
right|adjective
rim|noun
ring|noun
riot|noun
rise|noun
risk|noun
risky|adjective
ritual|noun
rival|noun
river|noun
road|noun
robot|noun
rock|noun
rocket|noun
rod|noun
role|noun
roll|noun
rolling|adjective
Roman|adjective
romance|noun
romantic|adjective
roof|noun
room|noun
root|noun
rope|noun
rose|noun
rough|adjective
roughly|adverb
round|noun
round|adjective
route|noun
routine|noun
routinely|adverb
row|noun
royal|adjective
rubber|adjective
rule|noun
ruling|noun
rumor|noun
run|noun
runner|noun
running|adjective
running|noun
rural|adjective
rush|noun
Russian|adjective
Russian|noun
sack|noun
sacred|adjective
sacrifice|noun
sad|adjective
safe|adjective
safely|adverb
safety|noun
sake|noun
salad|noun
salary|noun
sale|noun
sales|noun
salmon|noun
salt|noun
same|determiner
sample|noun
sanction|noun
sand|noun
sandwich|noun
satellite|noun
satisfaction|noun
sauce|noun
saving|noun
scale|noun
scandal|noun
scared|adjective
scary|adjective
scenario|noun
scene|noun
scent|noun
schedule|noun
scheme|noun
scholar|noun
scholarship|noun
school|noun
science|noun
scientific|adjective
scientist|noun
scope|noun
score|noun
screen|noun
screening|noun
script|noun
sculpture|noun
sea|noun
seal|noun
search|noun
season|noun
seat|noun
second|number
second|noun
secondary|adjective
secret|noun
secret|adjective
secretary|noun
section|noun
sector|noun
secular|adjective
secure|adjective
security|noun
seed|noun
seemingly|adverb
segment|noun
seldom|adverb
selected|adjective
selection|noun
self|noun
self-esteem|noun
seller|noun
seminar|noun
Senate|noun
senator|noun
senior|adjective
senior|noun
sensation|noun
sense|noun
sensitive|adjective
sensitivity|noun
sensor|noun
sentence|noun
sentiment|noun
separate|adjective
separation|noun
sequence|noun
series|noun
serious|adjective
seriously|adverb
servant|noun
service|noun
serving|noun
session|noun
set|noun
setting|noun
settlement|noun
seven|number
seventh|number
several|determiner
severe|adjective
severely|adverb
sex|noun
sexual|adjective
sexuality|noun
sexually|adverb
sexy|adjective
shade|noun
shadow|noun
shallow|adjective
shame|noun
shape|noun
share|noun
shared|adjective
shareholder|noun
shark|noun
sharp|adjective
sharply|adverb
she|pronoun
sheep|noun
sheer|adjective
sheet|noun
shelf|noun
shell|noun
shelter|noun
shift|noun
ship|noun
shirt|noun
shit|noun
shock|noun
shoe|noun
shooting|noun
shop|noun
shopping|noun
shore|noun
short|adjective
short|adverb
short-term|adjective
shortage|noun
shortly|adverb
shorts|noun
shot|noun
should|verb modal
shoulder|noun
show|noun
shower|noun
shrimp|noun
shuttle|noun
shy|adjective
sibling|noun
sick|adjective
side|noun
sidewalk|noun
sight|noun
sign|noun
signal|noun
signature|noun
significance|noun
significant|adjective
significantly|adverb
silence|noun
silent|adjective
silk|noun
silly|adjective
silver|noun
similar|adjective
similarity|noun
similarly|adverb
simple|adjective
simply|adverb
simultaneously|adverb
sin|noun
since|conjunction
since|preposition
since|adverb
singer|noun
single|adjective
sink|noun
sir|noun
sister|noun
site|noun
situation|noun
six|number
sixth|number
size|noun
ski|noun
skill|noun
skilled|adjective
skin|noun
skirt|noun
skull|noun
sky|noun
slave|noun
slavery|noun
sleep|noun
sleeve|noun
slice|noun
slide|noun
slight|adjective
slightly|adverb
slope|noun
slot|noun
slow|adjective
slowly|adverb
small|adjective
smart|adjective
smell|noun
smile|noun
smoke|noun
smooth|adjective
snake|noun
snow|noun
so|adverb
so|conjunction
so-called|adjective
soap|noun
soccer|noun
social|adjective
socially|adverb
society|noun
sock|noun
sodium|noun
sofa|noun
soft|adjective
softly|adverb
software|noun
soil|noun
solar|adjective
soldier|noun
sole|adjective
solely|adverb
solid|adjective
solution|noun
some|determiner
somebody|pronoun
someday|adverb
somehow|adverb
someone|pronoun
something|pronoun
sometime|adverb
sometimes|adverb
somewhat|adverb
somewhere|adverb
son|noun
song|noun
soon|adverb
soon|conjunction
sophisticated|adjective
sorry|adjective
sort|noun
soul|noun
sound|noun
soup|noun
source|noun
south|noun
southeast|noun
southern|adjective
southwest|noun
sovereignty|noun
Soviet|adjective
space|noun
Spanish|adjective
speaker|noun
special|adjective
specialist|noun
specialty|noun
species|noun
specific|adjective
specifically|adverb
spectacular|adjective
spectrum|noun
speculation|noun
speech|noun
speed|noun
spending|noun
sphere|noun
spine|noun
spirit|noun
spiritual|adjective
spite|preposition
spokesman|noun
sponsor|noun
spoon|noun
sport|noun
spot|noun
spouse|noun
spray|noun
spread|noun
spring|noun
spy|noun
squad|noun
square|adjective
square|noun
stability|noun
stable|adjective
stack|noun
stadium|noun
staff|noun
stage|noun
stair|noun
stake|noun
stance|noun
stand|noun
standard|noun
standard|adjective
standing|noun
star|noun
start|noun
starter|noun
starting|noun
state|noun
statement|noun
station|noun
statistical|adjective
statistics|noun
statue|noun
status|noun
statute|noun
stay|noun
steadily|adverb
steady|adjective
steak|noun
steam|noun
steel|noun
steep|adjective
stem|noun
step|noun
stereotype|noun
stick|noun
stiff|adjective
still|adverb
still|adjective
stimulus|noun
stock|noun
stomach|noun
stone|noun
stop|noun
storage|noun
store|noun
storm|noun
story|noun
stove|noun
straight|adverb
straight|adjective
strain|noun
strange|adjective
stranger|noun
strategic|adjective
strategy|noun
straw|noun
streak|noun
stream|noun
street|noun
strength|noun
stress|noun
stretch|noun
strict|adjective
strictly|adverb
strike|noun
striking|adjective
string|noun
strip|noun
stroke|noun
strong|adjective
strongly|adverb
structural|adjective
structure|noun
struggle|noun
student|noun
studio|noun
study|noun
stuff|noun
stupid|adjective
style|noun
subject|noun
subject|preposition
subsequent|adjective
subsidy|noun
substance|noun
substantial|adjective
substantially|adverb
subtle|adjective
suburb|noun
suburban|adjective
success|noun
successful|adjective
successfully|adverb
such|determiner
such|preposition
sudden|adjective
sudden|adverb
suddenly|adverb
suffering|noun
sufficient|adjective
sugar|noun
suggestion|noun
suicide|noun
suit|noun
suitable|adjective
suite|noun
sum|noun
summary|noun
summer|noun
summit|noun
sun|noun
sunlight|noun
sunny|adjective
super|adjective
superior|adjective
supermarket|noun
supervisor|noun
supplier|noun
supply|noun
support|noun
supporter|noun
supportive|adjective
supposed|adjective
supposedly|adverb
Supreme|adjective
sure|adjective
sure|adverb
surely|adverb
surface|noun
surgeon|noun
surgery|noun
surprise|noun
surprised|adjective
surprising|adjective
surprisingly|adverb
surrounding|adjective
surveillance|noun
survey|noun
survival|noun
survivor|noun
suspect|noun
suspicion|noun
suspicious|adjective
sustainable|adjective
sweat|noun
sweater|noun
sweet|adjective
swimming|noun
swing|noun
switch|noun
sword|noun
symbol|noun
symbolic|adjective
sympathy|noun
symptom|noun
syndrome|noun
system|noun
T-shirt|noun
table|noun
tablespoon|noun
tactic|noun
tag|noun
tail|noun
tale|noun
talent|noun
talented|adjective
talk|noun
tall|adjective
tank|noun
tape|noun
target|noun
task|noun
taste|noun
tax|noun
taxpayer|noun
tea|noun
teacher|noun
teaching|noun
team|noun
teammate|noun
tear|noun
teaspoon|noun
technical|adjective
technician|noun
technique|noun
technological|adjective
technology|noun
teen|noun
teenage|adjective
teenager|noun
telephone|noun
telescope|noun
television|noun
temperature|noun
temple|noun
temporary|adjective
ten|number
tendency|noun
tender|adjective
tennis|noun
tension|noun
tent|noun
term|noun
terms|preposition
terrain|noun
terrible|adjective
terribly|adverb
terrific|adjective
territory|noun
terror|noun
terrorism|noun
terrorist|noun
terrorist|adjective
test|noun
testimony|noun
testing|noun
text|noun
textbook|noun
texture|noun
than|conjunction
than|preposition
thanks|noun
Thanksgiving|noun
that|conjunction
that|determiner
that|adverb
the|article
theater|noun
their|article
them|pronoun
theme|noun
themselves|pronoun
then|adverb
theological|adjective
theology|noun
theoretical|adjective
theory|noun
therapist|noun
therapy|noun
there|e
there|adverb
thereby|adverb
therefore|adverb
these|determiner
they|pronoun
thick|adjective
thigh|noun
thin|adjective
thing|noun
thinking|noun
third|number
thirty|number
this|determiner
this|adverb
thoroughly|adverb
those|determiner
though|conjunction
though|adverb
thought|noun
thousand|number
thread|noun
threat|noun
three|number
threshold|noun
throat|noun
through|preposition
through|adverb
throughout|preposition
thumb|noun
thus|adverb
ticket|noun
tide|noun
tie|noun
tight|adjective
tight|adverb
tightly|adverb
tile|noun
till|conjunction
till|preposition
timber|noun
time|noun
timing|noun
tiny|adjective
tip|noun
tired|adjective
tissue|noun
title|noun
to|preposition
to abandon|verb
to absorb|verb
to abuse|verb
to accelerate|verb
to accept|verb
to access|verb
to accommodate|verb
to accompany|verb
to accomplish|verb
to account|verb
to accuse|verb
to achieve|verb
to acknowledge|verb
to acquire|verb
to act|verb
to adapt|verb
to add|verb
to address|verb
to adjust|verb
to administer|verb
to admire|verb
to admit|verb
to adopt|verb
to advance|verb
to advise|verb
to advocate|verb
to affect|verb
to afford|verb
to age|verb
to agree|verb
to aid|verb
to aim|verb
to allow|verb
to alter|verb
to analyze|verb
to announce|verb
to answer|verb
to anticipate|verb
to apologize|verb
to appeal|verb
to appear|verb
to apply|verb
to appoint|verb
to appreciate|verb
to approach|verb
to approve|verb
to argue|verb
to arise|verb
to arm|verb
to arrange|verb
to arrest|verb
to arrive|verb
to articulate|verb
to ask|verb
to assemble|verb
to assert|verb
to assess|verb
to assign|verb
to assist|verb
to associate|verb
to assume|verb
to assure|verb
to attach|verb
to attack|verb
to attempt|verb
to attend|verb
to attract|verb
to attribute|verb
to authorize|verb
to average|verb
to avoid|verb
to await|verb
to award|verb
to back|verb
to bake|verb
to balance|verb
to ban|verb
to base|verb
to battle|verb
to be|verb
to be born|verb
to bear|verb
to beat|verb
to become|verb
to beg|verb
to begin|verb
to behave|verb
to believe|verb
to belong|verb
to bend|verb
to benefit|verb
to bet|verb
to bind|verb
to bite|verb
to blame|verb
to blend|verb
to bless|verb
to blink|verb
to block|verb
to blow|verb
to boast|verb
to boil|verb
to bomb|verb
to boost|verb
to borrow|verb
to bother|verb
to bounce|verb
to bow|verb
to break|verb
to breathe|verb
to bring|verb
to broadcast|verb
to brush|verb
to build|verb
to burn|verb
to burst|verb
to bury|verb
to buy|verb
to calculate|verb
to call|verb
to calm|verb
to cancel|verb
to capture|verb
to care|verb
to carry|verb
to carve|verb
to cast|verb
to catch|verb
to cause|verb
to cease|verb
to celebrate|verb
to challenge|verb
to change|verb
to characterize|verb
to charge|verb
to chase|verb
to cheat|verb
to check|verb
to cheer|verb
to chew|verb
to choose|verb
to chop|verb
to circle|verb
to cite|verb
to claim|verb
to classify|verb
to clean|verb
to clear|verb
to click|verb
to climb|verb
to cling|verb
to close|verb
to coach|verb
to collapse|verb
to collect|verb
to color|verb
to combine|verb
to come|verb
to command|verb
to comment|verb
to commit|verb
to communicate|verb
to compare|verb
to compel|verb
to compete|verb
to complain|verb
to complete|verb
to comply|verb
to compose|verb
to comprise|verb
to compromise|verb
to concede|verb
to conceive|verb
to concentrate|verb
to concern|verb
to conclude|verb
to condemn|verb
to conduct|verb
to confess|verb
to confirm|verb
to confront|verb
to confuse|verb
to connect|verb
to consider|verb
to consist|verb
to constitute|verb
to construct|verb
to consult|verb
to consume|verb
to contact|verb
to contain|verb
to contemplate|verb
to contend|verb
to continue|verb
to contribute|verb
to control|verb
to convert|verb
to convey|verb
to convict|verb
to convince|verb
to cook|verb
to cool|verb
to cooperate|verb
to coordinate|verb
to cope|verb
to copy|verb
to correct|verb
to cost|verb
to count|verb
to counter|verb
to cover|verb
to crack|verb
to crash|verb
to crawl|verb
to create|verb
to credit|verb
to criticize|verb
to cross|verb
to crowd|verb
to crush|verb
to cry|verb
to cure|verb
to cut|verb
to damage|verb
to dance|verb
to dare|verb
to date|verb
to deal|verb
to debate|verb
to decide|verb
to declare|verb
to decline|verb
to decorate|verb
to decrease|verb
to dedicate|verb
to deem|verb
to defeat|verb
to defend|verb
to define|verb
to delay|verb
to deliver|verb
to demand|verb
to demonstrate|verb
to deny|verb
to depart|verb
to depend|verb
to depict|verb
to deploy|verb
to derive|verb
to descend|verb
to describe|verb
to deserve|verb
to design|verb
to desire|verb
to destroy|verb
to detect|verb
to determine|verb
to develop|verb
to devote|verb
to diagnose|verb
to dictate|verb
to die|verb
to differ|verb
to dig|verb
to diminish|verb
to dip|verb
to direct|verb
to disagree|verb
to disappear|verb
to disclose|verb
to discourage|verb
to discover|verb
to discuss|verb
to dismiss|verb
to display|verb
to dissolve|verb
to distinguish|verb
to distract|verb
to distribute|verb
to disturb|verb
to divide|verb
to divorce|verb
to do|verb
to document|verb
to dominate|verb
to donate|verb
to double|verb
to doubt|verb
to draft|verb
to drag|verb
to drain|verb
to draw|verb
to dream|verb
to dress|verb
to drift|verb
to drill|verb
to drink|verb
to drive|verb
to drop|verb
to drown|verb
to dry|verb
to dump|verb
to earn|verb
to ease|verb
to eat|verb
to echo|verb
to edit|verb
to educate|verb
to elect|verb
to eliminate|verb
to embrace|verb
to emerge|verb
to emphasize|verb
to employ|verb
to enable|verb
to enact|verb
to encounter|verb
to encourage|verb
to end|verb
to endorse|verb
to endure|verb
to enforce|verb
to engage|verb
to enhance|verb
to enjoy|verb
to enroll|verb
to ensure|verb
to enter|verb
to entitle|verb
to envision|verb
to equip|verb
to escape|verb
to establish|verb
to estimate|verb
to evaluate|verb
to evolve|verb
to examine|verb
to exceed|verb
to exchange|verb
to exclude|verb
to excuse|verb
to execute|verb
to exercise|verb
to exhaust|verb
to exhibit|verb
to exist|verb
to expand|verb
to expect|verb
to experience|verb
to explain|verb
to explode|verb
to exploit|verb
to explore|verb
to expose|verb
to express|verb
to extend|verb
to face|verb
to facilitate|verb
to fade|verb
to fail|verb
to fall|verb
to favor|verb
to fear|verb
to feature|verb
to feed|verb
to feel|verb
to fight|verb
to figure|verb
to file|verb
to fill|verb
to finance|verb
to find|verb
to finish|verb
to fire|verb
to fish|verb
to fit|verb
to fix|verb
to flash|verb
to flee|verb
to flip|verb
to float|verb
to flood|verb
to flow|verb
to fly|verb
to focus|verb
to fold|verb
to follow|verb
to forbid|verb
to force|verb
to forget|verb
to forgive|verb
to form|verb
to foster|verb
to found|verb
to frame|verb
to free|verb
to freeze|verb
to frown|verb
to frustrate|verb
to function|verb
to fund|verb
to gain|verb
to gather|verb
to gaze|verb
to generate|verb
to get|verb
to give|verb
to glance|verb
to go|verb
to govern|verb
to grab|verb
to graduate|verb
to grant|verb
to grasp|verb
to greet|verb
to grin|verb
to grow|verb
to guarantee|verb
to guard|verb
to guess|verb
to guide|verb
to hand|verb
to handle|verb
to hang|verb
to happen|verb
to harm|verb
to harvest|verb
to hate|verb
to haul|verb
to have|verb
to head|verb
to heal|verb
to hear|verb
to heat|verb
to help|verb
to hesitate|verb
to hide|verb
to highlight|verb
to hike|verb
to hire|verb
to hit|verb
to hold|verb
to honor|verb
to hook|verb
to hope|verb
to host|verb
to house|verb
to hug|verb
to hunt|verb
to hurry|verb
to hurt|verb
to identify|verb
to ignore|verb
to illustrate|verb
to imagine|verb
to implement|verb
to imply|verb
to impose|verb
to impress|verb
to improve|verb
to include|verb
to incorporate|verb
to increase|verb
to indicate|verb
to influence|verb
to inform|verb
to inherit|verb
to initiate|verb
to injure|verb
to insert|verb
to insist|verb
to inspire|verb
to install|verb
to instruct|verb
to integrate|verb
to intend|verb
to interact|verb
to interfere|verb
to interpret|verb
to interrupt|verb
to interview|verb
to introduce|verb
to invade|verb
to invent|verb
to invest|verb
to investigate|verb
to invite|verb
to involve|verb
to isolate|verb
to issue|verb
to join|verb
to joke|verb
to judge|verb
to jump|verb
to justify|verb
to keep|verb
to kick|verb
to kid|verb
to kill|verb
to kiss|verb
to kneel|verb
to knock|verb
to know|verb
to label|verb
to lack|verb
to land|verb
to last|verb
to laugh|verb
to launch|verb
to lay|verb
to lead|verb
to lean|verb
to leap|verb
to learn|verb
to leave|verb
to lend|verb
to let|verb
to lie|verb
to lift|verb
to light|verb
to like|verb
to limit|verb
to line|verb
to link|verb
to list|verb
to listen|verb
to live|verb
to load|verb
to locate|verb
to lock|verb
to look|verb
to lose|verb
to love|verb
to lower|verb
to maintain|verb
to make|verb
to manage|verb
to manipulate|verb
to march|verb
to mark|verb
to market|verb
to marry|verb
to match|verb
to matter|verb
to mean|verb
to measure|verb
to meet|verb
to melt|verb
to mention|verb
to mind|verb
to minimize|verb
to miss|verb
to mix|verb
to model|verb
to modify|verb
to monitor|verb
to motivate|verb
to mount|verb
to move|verb
to murder|verb
to mutter|verb
to name|verb
to need|verb
to negotiate|verb
to nod|verb
to note|verb
to notice|verb
to object|verb
to observe|verb
to obtain|verb
to occupy|verb
to occur|verb
to offer|verb
to open|verb
to operate|verb
to oppose|verb
to opt|verb
to order|verb
to organize|verb
to outline|verb
to overcome|verb
to overlook|verb
to oversee|verb
to overwhelm|verb
to owe|verb
to own|verb
to pack|verb
to paint|verb
to park|verb
to participate|verb
to pass|verb
to pat|verb
to pause|verb
to pay|verb
to peel|verb
to peer|verb
to perceive|verb
to perform|verb
to permit|verb
to persist|verb
to persuade|verb
to photograph|verb
to pick|verb
to picture|verb
to pile|verb
to pitch|verb
to place|verb
to plan|verb
to plant|verb
to play|verb
to plead|verb
to please|verb
to plunge|verb
to point|verb
to poke|verb
to pop|verb
to portray|verb
to pose|verb
to position|verb
to possess|verb
to post|verb
to pound|verb
to pour|verb
to practice|verb
to praise|verb
to pray|verb
to preach|verb
to predict|verb
to prefer|verb
to prepare|verb
to present|verb
to preserve|verb
to press|verb
to pretend|verb
to prevail|verb
to prevent|verb
to print|verb
to proceed|verb
to process|verb
to proclaim|verb
to produce|verb
to program|verb
to prohibit|verb
to project|verb
to promise|verb
to promote|verb
to prompt|verb
to propose|verb
to protect|verb
to protest|verb
to prove|verb
to provide|verb
to provoke|verb
to publish|verb
to pull|verb
to pump|verb
to punch|verb
to punish|verb
to purchase|verb
to pursue|verb
to push|verb
to put|verb
to qualify|verb
to question|verb
to quit|verb
to quote|verb
to race|verb
to rain|verb
to raise|verb
to range|verb
to rank|verb
to rate|verb
to reach|verb
to react|verb
to read|verb
to realize|verb
to rebuild|verb
to recall|verb
to receive|verb
to recognize|verb
to recommend|verb
to record|verb
to recover|verb
to recruit|verb
to reduce|verb
to refer|verb
to reflect|verb
to refuse|verb
to regain|verb
to regard|verb
to register|verb
to regret|verb
to regulate|verb
to reinforce|verb
to reject|verb
to relate|verb
to relax|verb
to release|verb
to relieve|verb
to rely|verb
to remain|verb
to remark|verb
to remember|verb
to remind|verb
to remove|verb
to render|verb
to rent|verb
to repair|verb
to repeat|verb
to replace|verb
to reply|verb
to report|verb
to represent|verb
to request|verb
to require|verb
to rescue|verb
to research|verb
to resemble|verb
to reserve|verb
to resign|verb
to resist|verb
to resolve|verb
to respect|verb
to respond|verb
to rest|verb
to restore|verb
to restrict|verb
to result|verb
to resume|verb
to retain|verb
to retire|verb
to return|verb
to reveal|verb
to reverse|verb
to review|verb
to reward|verb
to rid|verb
to ride|verb
to ring|verb
to rip|verb
to rise|verb
to risk|verb
to rock|verb
to roll|verb
to root|verb
to round|verb
to rub|verb
to ruin|verb
to rule|verb
to run|verb
to rush|verb
to sacrifice|verb
to sail|verb
to satisfy|verb
to save|verb
to say|verb
to scan|verb
to scare|verb
to scatter|verb
to schedule|verb
to score|verb
to scramble|verb
to scratch|verb
to scream|verb
to screen|verb
to screw|verb
to seal|verb
to search|verb
to seat|verb
to secure|verb
to see|verb
to seek|verb
to seem|verb
to seize|verb
to select|verb
to sell|verb
to send|verb
to sense|verb
to separate|verb
to serve|verb
to set|verb
to settle|verb
to shake|verb
to shall|verb
to shape|verb
to share|verb
to shed|verb
to shift|verb
to shine|verb
to ship|verb
to shock|verb
to shoot|verb
to shop|verb
to shout|verb
to shove|verb
to show|verb
to shrink|verb
to shrug|verb
to shut|verb
to sigh|verb
to sign|verb
to signal|verb
to sing|verb
to sink|verb
to sit|verb
to skip|verb
to slam|verb
to slap|verb
to sleep|verb
to slice|verb
to slide|verb
to slip|verb
to slow|verb
to smell|verb
to smile|verb
to smoke|verb
to snap|verb
to sneak|verb
to soak|verb
to soar|verb
to soften|verb
to solve|verb
to sort|verb
to sound|verb
to spare|verb
to spark|verb
to speak|verb
to specialize|verb
to specify|verb
to speculate|verb
to speed|verb
to spell|verb
to spend|verb
to spill|verb
to spin|verb
to spit|verb
to split|verb
to sponsor|verb
to spot|verb
to spread|verb
to spring|verb
to sprinkle|verb
to squeeze|verb
to stand|verb
to star|verb
to stare|verb
to start|verb
to state|verb
to stay|verb
to steal|verb
to steer|verb
to stem|verb
to step|verb
to stick|verb
to stimulate|verb
to stir|verb
to stop|verb
to store|verb
to straighten|verb
to strain|verb
to strengthen|verb
to stress|verb
to stretch|verb
to strike|verb
to strip|verb
to struggle|verb
to study|verb
to stuff|verb
to stumble|verb
to submit|verb
to succeed|verb
to suck|verb
to sue|verb
to suffer|verb
to suggest|verb
to suit|verb
to supply|verb
to support|verb
to suppose|verb
to surprise|verb
to surround|verb
to survey|verb
to survive|verb
to suspect|verb
to suspend|verb
to sustain|verb
to swallow|verb
to swear|verb
to sweep|verb
to swell|verb
to swim|verb
to swing|verb
to switch|verb
to tackle|verb
to take|verb
to talk|verb
to tap|verb
to target|verb
to taste|verb
to teach|verb
to tear|verb
to tell|verb
to tend|verb
to test|verb
to testify|verb
to thank|verb
to think|verb
to threaten|verb
to thrive|verb
to throw|verb
to tie|verb
to tighten|verb
to tip|verb
to tire|verb
to tolerate|verb
to top|verb
to toss|verb
to touch|verb
to trace|verb
to track|verb
to trade|verb
to trail|verb
to train|verb
to transfer|verb
to transform|verb
to translate|verb
to transmit|verb
to transport|verb
to trap|verb
to travel|verb
to treat|verb
to trigger|verb
to trim|verb
to trouble|verb
to trust|verb
to try|verb
to tuck|verb
to tune|verb
to turn|verb
to twist|verb
to uncover|verb
to undergo|verb
to undermine|verb
to understand|verb
to undertake|verb
to unfold|verb
to unite|verb
to update|verb
to upset|verb
to urge|verb
to use|verb
to utilize|verb
to value|verb
to vanish|verb
to vary|verb
to view|verb
to violate|verb
to visit|verb
to volunteer|verb
to vote|verb
to wait|verb
to wake|verb
to walk|verb
to wander|verb
to want|verb
to warm|verb
to warn|verb
to wash|verb
to waste|verb
to watch|verb
to wave|verb
to weaken|verb
to wear|verb
to weave|verb
to weigh|verb
to welcome|verb
to whip|verb
to whisper|verb
to win|verb
to wind|verb
to wipe|verb
to wish|verb
to withdraw|verb
to witness|verb
to wonder|verb
to work|verb
to worry|verb
to wound|verb
to wrap|verb
to write|verb
to yell|verb
to yield|verb
tobacco|noun
today|adverb
toe|noun
together|adverb
toilet|noun
tolerance|noun
toll|noun
tomato|noun
tomorrow|adverb
tone|noun
tongue|noun
tonight|adverb
too|adverb
tool|noun
tooth|noun
top|noun
top|adjective
top|preposition
topic|noun
total|adjective
total|noun
totally|adverb
touch|noun
touchdown|noun
tough|adjective
tour|noun
tourism|noun
tourist|noun
tournament|noun
toward|preposition
towards|preposition
towel|noun
tower|noun
town|noun
toxic|adjective
toy|noun
trace|noun
track|noun
trade|noun
trading|noun
tradition|noun
traditional|adjective
traditionally|adverb
traffic|noun
tragedy|noun
tragic|adjective
trail|noun
trailer|noun
train|noun
trainer|noun
training|noun
trait|noun
transaction|noun
transfer|noun
transformation|noun
transit|noun
transition|noun
translation|noun
transmission|noun
transport|noun
transportation|noun
trap|noun
trash|noun
trauma|noun
travel|noun
traveler|noun
tray|noun
treasure|noun
treatment|noun
treaty|noun
tree|noun
tremendous|adjective
trend|noun
trial|noun
tribal|adjective
tribe|noun
trick|noun
trip|noun
triumph|noun
troop|noun
tropical|adjective
trouble|noun
troubled|adjective
truck|noun
true |adjective
truly|adverb
trunk|noun
trust|noun
truth|noun
tube|noun
tumor|noun
tune|noun
tunnel|noun
turkey|noun
turn|noun
TV|noun
twelve|number
twentieth|number
twenty|number
twice|adverb
twin|noun
twist|noun
two|number
two-thirds|number
type|noun
typical|adjective
typically|adverb
ugly|adjective
uh|u
ultimate|adjective
ultimately|adverb
unable|adjective
uncertain|adjective
uncertainty|noun
uncle|noun
uncomfortable|adjective
under|preposition
under|adverb
undergraduate|noun
underlying|adjective
understanding|noun
unemployment|noun
unexpected|adjective
unfair|adjective
unfortunately|adverb
unhappy|adjective
uniform|noun
union|noun
unique|adjective
unit|noun
United|adjective
unity|noun
universal|adjective
universe|noun
university|noun
unknown|adjective
unless|conjunction
unlike|preposition
unlike|adjective
unlikely|adjective
unprecedented|adjective
until|conjunction
until|preposition
unusual|adjective
up|adverb
up|preposition
upon|preposition
upper|adjective
upset|adjective
upstairs|adverb
urban|adjective
us|pronoun
use|noun
used|adjective
useful|adjective
user|noun
usual|adjective
usually|adverb
utility|noun
vacation|noun
vaccine|noun
vacuum|noun
valid|adjective
validity|noun
valley|noun
valuable|adjective
value|noun
van|noun
variable|noun
variation|noun
variety|noun
various|adjective
vast|adjective
vegetable|noun
vehicle|noun
vendor|noun
venture|noun
verbal|adjective
verdict|noun
version|noun
versus|preposition
vertical|adjective
very|adverb
very|adjective
vessel|noun
veteran|noun
veteran|adjective
via|preposition
victim|noun
victory|noun
video|noun
view|noun
viewer|noun
village|noun
violation|noun
violence|noun
violent|adjective
virtual|adjective
virtually|adverb
virtue|noun
virus|noun
visible|adjective
vision|noun
visit|noun
visitor|noun
visual|adjective
vital|adjective
vitamin|noun
vocal|adjective
voice|noun
volume|noun
voluntary|adjective
volunteer|noun
vote|noun
voter|noun
voting|noun
vs|preposition
vulnerable|adjective
wage|noun
wagon|noun
waist|noun
wake|noun
walk|noun
walking|noun
wall|noun
war|noun
warehouse|noun
warm|adjective
warmth|noun
warning|noun
warrior|noun
waste|noun
watch|noun
water|noun
wave|noun
way|noun
way|adverb
we|pronoun
weak|adjective
weakness|noun
wealth|noun
wealthy|adjective
weapon|noun
weather|noun
web|noun
wedding|noun
weed|noun
week|noun
weekend|noun
weekly|adjective
weight|noun
weird|adjective
welcome|adjective
welfare|noun
well|adverb
well|preposition
well-being|noun
well-known|adjective
west|noun
western|adjective
wet|adjective
whale|noun
what|determiner
whatever|determiner
wheat|noun
wheel|noun
wheelchair|noun
when|conjunction
when|adverb
whenever|adverb
where|conjunction
where|adverb
whereas|conjunction
wherever|adverb
whether|conjunction
which|determiner
while|conjunction
while|noun
white|adjective
white|noun
who|pronoun
whoever|pronoun
whole|adjective
whole|noun
whom|pronoun
whose|determiner
why|adverb
wide|adjective
widely|adverb
widespread|adjective
widow|noun
wife|noun
wild|adjective
wilderness|noun
wildlife|noun
will|verb modal
will|noun
willing|adjective
willingness|noun
win|noun
wind|noun
window|noun
wine|noun
wing|noun
winner|noun
winter|noun
wire|noun
wisdom|noun
wise|adjective
wish|noun
with|preposition
withdrawal|noun
within|preposition
within|adverb
without|preposition
witness|noun
wolf|noun
woman|noun
wonder|noun
wonderful|adjective
wood|noun
wooden|adjective
word|noun
work|noun
worker|noun
working|adjective
workout|noun
workplace|noun
works|noun
workshop|noun
world|noun
worldwide|adverb
worldwide|adjective
worried|adjective
worry|noun
worth|preposition
worth|noun
would|verb modal
wound|noun
wow|u
wrist|noun
writer|noun
writing|noun
written|adjective
wrong|adjective
wrong|adverb
yard|noun
yeah|u
year|noun
yellow|adjective
yes|u
yesterday|adverb
yet|adverb
yield|noun
you|pronoun
young|adjective
youngster|noun
your|article
yours|pronoun
yourself|pronoun
youth|noun
zone|noun
