46,about,This is a book <b>about</b> animals.,sobre,Este é um livro <b>sobre</b> animais.
179,about,He is walking <b>about</b>.,sobre,Ele está andando <b>sobre</b>.
896,above,The bird is <b>above</b> the tree.,"acima de, em cima de",O pássaro está <b>acima de</b> a árvore.
1599,above,Look at the stars <b>above</b>.,acima de,Olhe para as estrelas <b>acima de</b>.
378,across,The dog runs <b>across</b> the street.,"através de, do outro lado",O cachorro corre <b>através de</b> a rua.
3154,across,The boy swims <b>across</b>.,através,O menino nada <b>através</b>.
2065,addition,In <b>addition</b> to games I like books.,adição,Em <b>adição</b> a jogos eu gosto de livros.
3976,addition,Math has <b>addition</b>.,adição,A matemática tem <b>adição</b>.
120,after,I play <b>after</b> school.,depois,Eu brinco <b>depois</b> da escola.
260,after,We sleep <b>after</b> we play.,depois,Nós dormimos <b>depois</b> que nós brincamos.
1028,ahead,Walk straight <b>ahead</b>.,"adiante, à frente ",Ande direto <b>à frente</b>.
2672,ahead,The car is <b>ahead</b> of us.,à frente,O carro está <b>à frente</b> de nós.
43,all,I love <b>all</b> animals.,"tudo, todoa,os, as",Eu amo <b>todos</b> os animais.
222,all,The baby is <b>all</b> clean.,todo,O bebê está <b>todo</b> limpo.
1101,alone,He reads a book <b>alone</b>.,sozinho,Ele lê um livro <b>sozinho</b>.
1620,alone,The boy is <b>alone</b> in the room.,sozinho,O menino está <b>sozinho</b> no quarto.
448,along,We walk <b>along</b> the beach.,ao longo de,Nós andamos <b>ao longo de</b> a praia.
1200,along,Please come <b>along</b>.,ao longo de,Por favor venha <b>ao longo de</b>.
2089,alternative,We have a good <b>alternative</b>.,alternativa,Nós temos uma boa <b>alternativa</b>.
2600,alternative,This is an <b>alternative</b> route.,alternativo,Esta é uma rota <b>alternativa</b>.
176,American,I like <b>American</b> heroes.,americano,Eu gosto de heróis <b>americanos</b>.
545,American,He is an <b>American</b>.,americano,Ele é um <b>americano</b>.
145,another,I want <b>another</b> apple.,outro,Eu quero <b>outra</b> maçã.
2337,another,Please give me <b>another</b>.,outro,Por favor me dê <b>outro</b>.
109,any,Pick <b>any</b> color you want.,qualquer uma,Escolha <b>qualquer uma</b> cor que você quiser.
4720,any,Do you have <b>any</b> milk?,algum,Você tem <b>algum</b> leite?
1984,apart,The toys are <b>apart</b>.,separado,Os brinquedos estão <b>separados</b>.
4785,apart,Keep them <b>apart</b> from each other.,separado,Mantenha eles <b>separados</b> um do outro.
2221,Arab,He eats <b>Arab</b> food.,árabe,Ele come comida <b>árabe</b>.
3997,Arab,The man is an <b>Arab</b>.,árabe,O homem é um <b>árabe</b>.
265,around,We sit <b>around</b> the table.,"por volta de, ao redor de",Nós sentamos <b>ao redor de</b> a mesa.
327,around,I have <b>around</b> ten coins.,"por volta de, aproximadamente",Eu tenho <b>aproximadamente</b> dez moedas.
33,as,She is tall <b>as</b> a tree.,como,Ela é alta <b>como</b> uma árvore.
49,as,He acts <b>as</b> a hero.,como,Ele age <b>como</b> um herói.
129,as,It is <b>as</b> big <b>as</b> a car.,"tanto, como",Isso é <b>tanto</b> grande <b>como</b> um carro.
2729,assistant,She is a great <b>assistant</b>.,assistente,Ela é uma ótima <b>assistente</b>.
2849,assistant,He is the <b>assistant</b> teacher.,assistente,Ele é o professor <b>assistente</b>.
4408,associate,He is my work <b>associate</b>.,associado,Ele é meu <b>associado</b> de trabalho.
4465,associate,She is an <b>associate</b> doctor.,associado,Ela é uma médica <b>associada</b>.
1306,average,He is an <b>average</b> boy.,a média,Ele é um menino <b>na média</b>.
1454,average,My score is above the <b>average</b>.,a média,Minha pontuação está acima d<b>a média</b>.
270,away,The bird flies <b>away</b>.,longe,O pássaro voa para <b>longe</b>.
738,away,Stay <b>away</b> from the fire.,longe,Fique <b>longe</b> do fogo.
108,back,Come <b>back</b> home.,"para trás, de volta",Venha <b>de volta</b> para casa.
323,back,My <b>back</b> is strong.,costas,Minhas <b>costas</b> são fortes.
89,because,I smile <b>because</b> I am happy.,"porque, pois",Eu sorrio <b>porque</b> eu estou feliz.
509,because,We stop <b>because</b> of the rain.,porque,Nós paramos <b>porque</b> da chuva.
220,before,Wash hands <b>before</b> eating.,antes,Lave as mãos <b>antes</b> de comer.
368,before,Look <b>before</b> you cross the street.,antes,Olhe <b>antes</b> que você atravesse a rua.
706,before,Brush your teeth <b>before</b> bed.,antes de,Escove seus dentes <b>antes de</b> dormir.
422,behind,The cat is <b>behind</b> the door.,atrás,O gato está <b>atrás</b> da porta.
2069,behind,He is running <b>behind</b> the others.,atras do,Ele está correndo <b>atrás dos</b> outros.
1457,below,Look <b>below</b> the bed.,"menos, embaixo, abaixo",Olhe <b>embaixo</b> da cama.
1943,below,The fish swims <b>below</b> the boat.,abaixo,O peixe nada <b>abaixo</b> do barco.
3037,besides,I am tired and <b>besides</b> it is late.,além do mais,Eu estou cansado e <b>além do mais</b> é tarde.
4196,besides,He has other toys <b>besides</b> this one.,além do mais,Ele tem outros brinquedos <b>além do mais</b> este.
310,best,He is my <b>best</b> friend.,o melhor,Ele é meu <b>melhor</b> amigo.
970,best,I like this game <b>best</b>.,o melhor,Eu gosto deste jogo <b>o melhor</b>.
453,better,My car is <b>better</b>.,melhor que,Meu carro é <b>melhor que</b> o seu.
496,better,I can sing <b>better</b> now.,melhor que,Eu posso cantar <b>melhor que</b> antes.
747,beyond,The park is <b>beyond</b> the school.,além de,O parque é <b>além de</b> a escola.
4863,beyond,The bird flies <b>beyond</b>.,além,O pássaro voa <b>além</b>.
956,bit,I want a <b>bit</b> of cake.,um pouco,Eu quero <b>um pouco</b> de bolo.
1228,bit,He is a <b>bit</b> sad today.,um pouco,Ele está <b>um pouco</b> triste hoje.
254,black,The dog is <b>black</b>.,"negro, preto",O cachorro é <b>preto</b>.
1993,black,I like the color <b>black</b>.,preto,Eu gosto da cor <b>preta</b>.
845,blue,The sky is <b>blue</b>.,azul,O céu é <b>azul</b>.
3725,blue,My favorite color is <b>blue</b>.,azul,Minha cor favorita é <b>azul</b>.
256,both,<b>Both</b> boys are tall.,ambos,<b>Ambos</b> os meninos são altos.
376,both,I like <b>both</b>.,ambos,Eu gosto de <b>ambos</b>.
1520,bottom,The coin is at the <b>bottom</b>.,fundo,A moeda está no <b>fundo</b>.
2682,bottom,Look at the <b>bottom</b> line.,inferior,Olhe para a linha <b>inferior</b>.
23,but,I like apples <b>but</b> I hate grapes.,mas,Eu gosto de maçãs <b>mas</b> eu odeio uvas.
1715,but,Everyone <b>but</b> you is here.,mas,Todos <b>mas</b> você estão aqui.
30,by,This book is written <b>by</b> me.,por,Este livro é escrito <b>por</b> mim.
1190,by,The bus goes <b>by</b> fast.,por,O ônibus passa <b>por</b> rápido.
37,can,I <b>can</b> play with you.,para criança,Eu <b>posso</b> brincar com você.
2973,can,I have a <b>can</b> of soda.,posso,Eu tenho uma <b>lata</b> de refrigerante.
186,case,This is a special <b>case</b>.,caso,Este é um <b>caso</b> especial.
4475,case,In <b>case</b> you need me.,caso,No <b>caso</b> de você precisar de mim.
1769,Catholic,He goes to a <b>Catholic</b> school.,católico,Ele vai a uma escola <b>católica</b>.
3127,Catholic,He is a <b>Catholic</b>.,católico,Ele é um <b>católico</b>.
926,charge,The battery needs a <b>charge</b>.,carga,A bateria precisa de uma <b>carga</b>.
4375,charge,Please <b>charge</b> my phone.,carregar,Por favor <b>carregue</b> meu telefone.
2640,chemical,Water is a <b>chemical</b>.,químico,A água é um <b>químico</b>.
2752,chemical,This is a <b>chemical</b> test.,químico,Este é um teste <b>químico</b>.
1453,chief,He is the <b>chief</b> doctor.,principal,Ele é o médico <b>principal</b>.
1781,chief,The <b>chief</b> is very smart.,chefe,O <b>chefe</b> é muito inteligente.
1278,Christian,We sing a <b>Christian</b> song.,cristão,Nós cantamos uma música <b>cristã</b>.
3190,Christian,He is a good <b>Christian</b>.,cristão,Ele é um bom <b>cristão</b>.
3246,civilian,He wears <b>civilian</b> clothes.,civil,Ele usa roupas <b>civis</b>.
3716,civilian,The man is a <b>civilian</b>.,civil,O homem é um <b>civil</b>.
882,close,The school is <b>close</b> to my house.,perto,A escola é <b>perto</b> da minha casa.
917,close,Do not stand so <b>close</b>.,perto,Não fique tão <b>perto</b>.
888,cold,The water is very <b>cold</b>.,frio,A água está muito <b>fria</b>.
3518,cold,Do not play in the <b>cold</b>.,frio,Não brinque no <b>frio</b>.
1607,complex,This puzzle is very <b>complex</b>.,complexo,Este quebra-cabeça é muito <b>complexo</b>.
3191,complex,He lives in a big <b>complex</b>.,complexo,Ele mora em um grande <b>complexo</b>.
1851,conservative,My grandpa is very <b>conservative</b>.,conservador,Meu avô é muito <b>conservador</b>.
2770,conservative,He is a <b>conservative</b> man.,conservador,Ele é um homem <b>conservador</b>.
1745,content,The book has good <b>content</b>.,contente,O livro tem um bom <b>conteúdo</b>.
4031,content,I am very <b>content</b> today.,contente,Eu estou muito <b>contente</b> hoje.
419,course,We are on <b>course</b>.,curso,Nós estamos no <b>curso</b>.
618,course,I take an English <b>course</b>.,curso,Eu faço um <b>curso</b> de inglês.
1966,criminal,That is a <b>criminal</b> act.,criminoso,Esse é um ato <b>criminoso</b>.
3368,criminal,The police caught the <b>criminal</b>.,criminoso,A polícia pegou o <b>criminoso</b>.
1492,daily,I read the <b>daily</b> news.,diariamente,Eu leio as notícias <b>diárias</b>.
3528,daily,I wash my face <b>daily</b>.,diário,Eu lavo meu rosto <b>diariamente</b>.
860,dark,The night is very <b>dark</b>.,escuro,A noite é muito <b>escura</b>.
2170,dark,Do not go into the <b>dark</b>.,sombrio,Não vá para o <b>escuro</b>.
978,deep,The ocean is <b>deep</b>.,profundo,O oceano é <b>profundo</b>.
1719,deep,He swims <b>deep</b> down.,profundo,Ele nada <b>profundo</b> abaixo.
118,down,Please look <b>down</b>.,"em baixo, para baixo",Por favor olhe <b>para baixo</b>.
1027,down,We run <b>down</b> the hill.,"abaixo, para baixo",Nós corremos <b>abaixo</b> da colina.
3140,downtown,I work in a <b>downtown</b> office.,centro da cidade,Eu trabalho em um escritório no <b>centro da cidade</b>.
4747,downtown,We go <b>downtown</b> to shop.,centro da cidade,Nós vamos ao <b>centro da cidade</b> para fazer compras.
1812,due,The payment is <b>due</b> today.,vencimento,O pagamento está no <b>vencimento</b> hoje.
2479,due,The train is <b>due</b> soon.,a verncer,O trem está <b>para chegar</b> logo.
192,each,I want <b>each</b> toy.,"cada, toda",Eu quero <b>cada</b> brinquedo.
724,each,Give one to <b>each</b> boy.,cada um,Dê um para <b>cada um</b> dos meninos.
366,early,I wake up <b>early</b>.,cedo,Eu acordo <b>cedo</b>.
512,early,We arrive <b>early</b>.,cedo,Nós chegamos <b>cedo</b>.
550,easy,The test is very <b>easy</b>.,fácil,A prova é muito <b>fácil</b>.
2923,easy,Take it <b>easy</b>.,fácil,Vá com <b>calma</b>.
559,either,You can have <b>either</b> one.,ou…ou,Você pode ter <b>qualquer um</b>.
2036,either,We must pick <b>either</b> red or blue.,ou...ou / qualquer um,Nós devemos escolher <b>ou</b> vermelho <b>ou</b> azul.
1796,English,I have an <b>English</b> class.,inglês,Eu tenho uma aula de <b>inglês</b>.
1917,English,I speak <b>English</b>.,inglês,Eu falo <b>inglês</b>.
375,enough,I ate <b>enough</b>.,bastante,Eu comi <b>o suficiente</b>.
874,enough,We have <b>enough</b> food.,bastante,Nós temos comida <b>bastante</b>.
1269,European,It is a <b>European</b> car.,eurpeu,Ele é um carro <b>europeu</b>.
3736,European,He is a <b>European</b>.,europeu,Ele é um <b>europeu</b>.
107,even,I will play <b>even</b> now.,mesmo,Eu vou brincar <b>mesmo</b> agora.
484,even,It is hot <b>even</b> at night.,mesmo,Está quente <b>mesmo</b> à noite.
3478,evil,The witch is <b>evil</b>.,mal,A bruxa é <b>má</b>.
3892,evil,That is an <b>evil</b> plan.,mal,Esse é um plano <b>mau</b>.
1850,except,Everyone is here <b>except</b> him.,exceto,Todo mundo está aqui <b>exceto</b> ele.
1915,except,I like fruits <b>except</b> lemons.,exceto,Eu gosto de frutas <b>exceto</b> limões.
253,far,The moon is very <b>far</b>.,longe,A lua é muito <b>longe</b>.
977,far,It is a <b>far</b> place.,longe,É um lugar <b>longe</b>.
2189,far,We will go <b>far</b> away.,distante,Nós iremos para <b>distante</b>.
1100,fast,The rabbit runs <b>fast</b>.,rápido,O coelho corre <b>rápido</b>.
2585,fast,He drives a <b>fast</b> car.,veloz,Ele dirige um carro <b>veloz</b>.
1584,fat,The pig has a lot of <b>fat</b>.,gordo,O porco tem muita <b>gordura</b>.
2357,fat,The cat is very <b>fat</b>.,gordo,O gato é muito <b>gordo</b>.
3437,favor,Please do me a <b>favor</b>.,favor,Por favor me faça um <b>favor</b>.
3505,favor,I vote in <b>favor</b>.,favor,Eu voto a <b>favor</b>.
1602,favorite,This is my <b>favorite</b> toy.,favorito,Este é meu brinquedo <b>favorito</b>.
2900,favorite,Blue is my <b>favorite</b>.,favorito,Azul é meu <b>favorito</b>.
2443,fellow,He is a good <b>fellow</b>.,amigo,Ele é um bom <b>amigo</b>.
3002,fellow,Say hello to my <b>fellow</b>.,amigo,Diga olá para meu <b>amigo</b>.
1403,female,The dog is a <b>female</b>.,fêmea,O cachorro é uma <b>fêmea</b>.
2013,female,We have a <b>female</b> cat.,fêmea,Nós temos um gato <b>fêmea</b>.
890,final,This is the <b>final</b> test.,final,Este é o teste <b>final</b>.
3479,final,We are at the <b>final</b> level.,final,Nós estamos no nível <b>final</b>.
905,firm,The bed is very <b>firm</b>.,firme,A cama é muito <b>firme</b>.
3277,firm,My dad works in a big <b>firm</b>.,empresa,Meu pai trabalha em uma grande <b>empresa</b>.
86,first,I am the <b>first</b> in line.,primeiroa,Eu sou a <b>primeira</b> na fila.
2064,first,We arrived <b>first</b>.,primeiro,Nós chegamos <b>primeiro</b>.
13,for,This gift is <b>for</b> you.,"para, por",Este presente é <b>para</b> você.
2339,for,I walk <b>for</b> one hour.,por,Eu ando <b>por</b> uma hora.
1369,French,I like <b>French</b> fries.,francês,Eu gosto de batatas <b>francesas</b>.
3099,French,He speaks <b>French</b>.,Francês,Ele fala <b>Francês</b>.
1091,front,The car is in <b>front</b> of the house.,em frente de,O carro está <b>em frente de</b> a casa.
1240,front,He is at the <b>front</b> line.,"liderando, frente",Ele está na linha de <b>frente</b>.
1519,front,Look at the <b>front</b> door.,frente,Olhe para a porta da <b>frente</b>.
1902,fun,The party is a lot of <b>fun</b>.,diversão,A festa é muita <b>diversão</b>.
2100,fun,Playing games is <b>fun</b>.,diversão,Jogar jogos é <b>diversão</b>.
655,future,The <b>future</b> is bright.,futuro,O <b>futuro</b> é brilhante.
1264,future,I want a good <b>future</b>.,futuro,Eu quero um bom <b>futuro</b>.
806,general,This is a <b>general</b> rule.,geral,Esta é uma regra <b>geral</b>.
2583,general,In <b>general</b> I like apples.,em geral,<b>Em geral</b> eu gosto de maçãs.
2811,general,The <b>general</b> idea is good.,em geral,A ideia <b>em geral</b> é boa.
1837,German,He has a <b>German</b> dog.,alemão,Ele tem um cachorro <b>alemão</b>.
3196,German,The man is a <b>German</b>.,Alemão,O homem é um <b>Alemão</b>.
2562,giant,I saw a <b>giant</b> tree.,gigante,Eu vi uma árvore <b>gigante</b>.
3898,giant,The story is about a <b>giant</b>.,gigante,A história é sobre um <b>gigante</b>.
110,good,You are a <b>good</b> boy.,"bom, boa, bons, boas",Você é um <b>bom</b> menino.
2280,good,That is a <b>good</b> idea.,Boa,Essa é uma <b>Boa</b> ideia.
893,green,The grass is <b>green</b>.,verde,A grama é <b>verde</b>.
2144,green,My shirt is <b>green</b>.,verde,Minha camisa é <b>verde</b>.
548,half,I ate <b>half</b> of the pizza.,metade,Eu comi <b>metade</b> da pizza.
1636,half,Give me a <b>half</b>.,metade,Me dê uma <b>metade</b>.
439,hard,The rock is very <b>hard</b>.,"duro, difícil",A pedra é muito <b>dura</b>.
769,hard,The wind blows <b>hard</b>.,"difícil, forte",O vento sopra <b>forte</b>.
42,her,I see <b>her</b> at school.,ela,Eu vejo <b>ela</b> na escola.
106,her,This book is for <b>her</b>.,ela,Este livro é para <b>ela</b>.
141,high,The mountain is very <b>high</b>.,alto,A montanha é muito <b>alta</b>.
3331,high,The bird flies <b>high</b>.,alto,O pássaro voa <b>alto</b>.
25,his,I like <b>his</b> new car.,dele,Eu gosto do carro novo <b>dele</b>.
1887,his,This toy is <b>his</b>.,"seu, dele",Este brinquedo é <b>dele</b>.
225,home,I want to go <b>home</b>.,"casa, lar",Eu quero ir para <b>casa</b>.
407,home,My <b>home</b> is beautiful.,casa,Minha <b>casa</b> é bonita.
400,human,We have a <b>human</b> body.,humano,Nós temos um corpo <b>humano</b>.
1663,human,He is a good <b>human</b>.,humano,Ele é um bom <b>humano</b>.
2839,ideal,This is the <b>ideal</b> place.,ideal,Este é o lugar <b>ideal</b>.
4510,ideal,It is my <b>ideal</b> pet.,ideal,É o meu animal <b>ideal</b>.
6,in,The cat is <b>in</b> the box.,"em, dentro",O gato está <b>dentro</b> da caixa.
128,in,Come <b>in</b> the room.,"em, dentro",Venha <b>em</b> o quarto.
3038,in,Put it <b>in</b> your bag.,"em, dentro",Coloque isso <b>dentro</b> da sua bolsa.
1441,Indian,He likes <b>Indian</b> food.,indiano,Ele gosta de comida <b>indiana</b>.
2340,Indian,The man is an <b>Indian</b>.,indiano,O homem é um <b>indiano</b>.
763,individual,Each <b>individual</b> is unique.,individual,Cada <b>individual</b> é único.
981,individual,We play an <b>individual</b> game.,individual,Nós jogamos um jogo <b>individual</b>.
967,inside,The dog is <b>inside</b> the house.,dentro,O cachorro está <b>dentro</b> da casa.
1303,inside,Look <b>inside</b> the box.,dentro de,Olhe <b>dentro de</b> a caixa.
3980,inside,The <b>inside</b> is dark.,dentro,O <b>dentro</b> é escuro.
4502,instant,It happened in an <b>instant</b> flash.,instante,Aconteceu em um brilho de <b>instante</b>.
4725,instant,Wait for one <b>instant</b>.,instante,Espere por um <b>instante</b>.
997,instead,I will play <b>instead</b>.,em vez de,Eu vou brincar <b>em vez de</b>.
1069,instead,Have water <b>instead</b> of soda.,em vez de,Tome água <b>em vez de</b> refrigerante.
2880,intellectual,He is an <b>intellectual</b> boy.,intelectual,Ele é um menino <b>intelectual</b>.
4685,intellectual,She is a great <b>intellectual</b>.,intelectual,Ela é uma grande <b>intelectual</b>.
3506,interior,The <b>interior</b> of the car is clean.,interior,O <b>interior</b> do carro é limpo.
3990,interior,He opened the <b>interior</b> door.,interior,Ele abriu a porta <b>interior</b>.
2102,Israeli,We have an <b>Israeli</b> friend.,israelense,Nós temos um amigo <b>israelense</b>.
3915,Israeli,The boy is an <b>Israeli</b>.,israelense,O menino é um <b>israelense</b>.
1731,Japanese,I like <b>Japanese</b> food.,japonês,Eu gosto de comida <b>japonesa</b>.
3889,Japanese,He is a <b>Japanese</b>.,japonês,Ele é um <b>japonês</b>.
66,just,I <b>just</b> want to play.,"só, apenas",Eu <b>apenas</b> quero brincar.
1823,just,This is <b>just</b> a game.,"somente, apenas",Isto é <b>somente</b> um jogo.
1097,key,This is the <b>key</b> part.,chave,Esta é a parte <b>chave</b>.
1472,key,I lost the car <b>key</b>.,chave,Eu perdi a <b>chave</b> do carro.
250,kind,What <b>kind</b> of toy is this?,tipo,Que <b>tipo</b> de brinquedo é este?
1423,kind,You are very <b>kind</b>.,"amigável, amável",Você é muito <b>amigável</b>.
130,last,This is the <b>last</b> piece.,último,Este é o <b>último</b> pedaço.
3636,last,I came in <b>last</b>.,último,Eu cheguei por <b>último</b>.
438,late,We are <b>late</b> for school.,"atrasado, tarde",Nós estamos <b>atrasados</b> para a escola.
1814,late,Do not arrive <b>late</b>.,atrasado,Não chegue <b>atrasado</b>.
296,later,I will see you <b>later</b>.,depois,Eu vou ver você <b>depois</b>.
2191,later,We will take a <b>later</b> bus.,mais tarde,Nós vamos pegar um ônibus <b>mais tarde</b>.
478,less,I want <b>less</b> sugar.,menos,Eu quero <b>menos</b> açúcar.
620,less,We have <b>less</b> time now.,menos,Nós temos <b>menos</b> tempo agora.
339,level,This game has a new <b>level</b>.,nível,Este jogo tem um novo <b>nível</b>.
4801,level,Keep the table <b>level</b>.,nível,Mantenha a mesa no <b>nível</b>.
2009,liberal,He has <b>liberal</b> ideas.,liberal,Ele tem ideias <b>liberais</b>.
4626,liberal,My uncle is a <b>liberal</b>.,liberal,Meu tio é um <b>liberal</b>.
465,light,Please turn on the <b>light</b>.,luz,Por favor ligue a <b>luz</b>.
1310,light,This box is very <b>light</b>.,leve,Esta caixa é muito <b>leve</b>.
4768,light,We play in <b>light</b> of the day.,à luz de,Nós brincamos <b>à luz de</b> o dia.
74,like,He acts <b>like</b> a monkey.,como,Ele age <b>como</b> um macaco.
1123,like,Do it exactly <b>like</b> I do.,como,Faça isso exatamente <b>como</b> eu faço.
1684,like,We share <b>like</b> minds.,como,Nós compartilhamos mentes <b>como</b> a outra.
2702,like,The cloud is <b>like</b> a bird.,como,A nuvem é <b>como</b> um pássaro.
625,likely,It is <b>likely</b> to rain.,provável,É <b>provável</b> chover.
2789,likely,He will <b>likely</b> win the race.,provável,Ele vai <b>provável</b> vencer a corrida.
4403,liquid,Water is a clear <b>liquid</b>.,líquido,A água é um <b>líquido</b> claro.
4805,liquid,This soap is <b>liquid</b>.,líquido,Este sabão é <b>líquido</b>.
257,little,The <b>little</b> cat sleeps.,pequeno,O <b>pequeno</b> gato dorme.
437,little,I am a <b>little</b> tired.,pouco,Eu estou um <b>pouco</b> cansado.
848,little,I have a <b>little</b> dog.,pequeno,Eu tenho um <b>pequeno</b> cachorro.
1336,living,We have a good <b>living</b>.,modo de vida,Nós temos um bom <b>modo de vida</b>.
2078,living,The plant is <b>living</b>.,vivo,A planta está <b>viva</b>.
255,long,The snake is very <b>long</b>.,comprido,A cobra é muito <b>comprida</b>.
262,long,It takes a <b>long</b> time.,tempo,Isso leva muito <b>tempo</b>.
1845,long,The lines are very <b>long</b>.,grandes,As linhas são muito <b>grandes</b>.
3120,loud,The music is very <b>loud</b>.,alto,A música é muito <b>alta</b>.
3867,loud,Do not speak <b>loud</b>.,alto,Não fale <b>alto</b>.
361,low,The ceiling is <b>low</b>.,baixo,O teto é <b>baixo</b>.
4866,low,The bird flies <b>low</b>.,baixo,O pássaro voa <b>baixo</b>.
3440,magic,This is a <b>magic</b> trick.,magia,Este é um truque de <b>magia</b>.
3877,magic,I love <b>magic</b>.,magia,Eu amo <b>magia</b>.
445,major,This is a <b>major</b> problem.,"maior, principal",Este é um problema <b>principal</b>.
4589,major,I want to <b>major</b> in arts.,formar-se,Eu quero me <b>formar</b> em artes.
1539,male,The lion is a <b>male</b> cat.,"macho, masculino",O leão é um gato <b>macho</b>.
1721,male,The dog is a <b>male</b>.,macho,O cachorro é um <b>macho</b>.
2002,mass,The rock has a big <b>mass</b>.,massa,A pedra tem uma grande <b>massa</b>.
2203,mass,It was a <b>mass</b> event.,massa,Foi um evento de <b>massa</b>.
529,matter,Ice is a cold <b>matter</b>.,"matéria, substância",O gelo é uma <b>matéria</b> fria.
3769,matter,What is the <b>matter</b> with you?,matéria,Qual é a <b>matéria</b> com você?
1460,mean,The <b>mean</b> is number five.,a média,<b>A média</b> é o número cinco.
1909,mean,The wolf is <b>mean</b>.,malvado,O lobo é <b>malvado</b>.
3269,medium,I wear a <b>medium</b> shirt.,médio,Eu uso uma camisa tamanho <b>médio</b>.
3649,medium,The dog is <b>medium</b> size.,médio,O cachorro é de tamanho <b>médio</b>.
991,middle,The <b>middle</b> piece is mine.,meio,O pedaço do <b>meio</b> é meu.
1268,middle,I am in the <b>middle</b>.,meio,Eu estou no <b>meio</b>.
475,military,He goes to a <b>military</b> school.,militar,Ele vai a uma escola <b>militar</b>.
3324,military,He works in the <b>military</b>.,militares,Ele trabalha nos <b>militares</b>.
2257,mine,This toy is <b>mine</b>.,meu,Este brinquedo é <b>meu</b>.
2573,mine,The gold is in the <b>mine</b>.,minha,O ouro está na <b>mina</b>.
3668,minimum,This is the <b>minimum</b> price.,mínimo,Este é o preço <b>mínimo</b>.
4430,minimum,Keep the noise to a <b>minimum</b>.,mínimo,Mantenha o barulho no <b>mínimo</b>.
81,more,I want to play <b>more</b>.,mais,Eu quero brincar <b>mais</b>.
91,more,I need <b>more</b> water.,mais,Eu preciso de <b>mais</b> água.
144,most,I like this game the <b>most</b>.,a maioria de,Eu gosto deste jogo <b>a maioria de</b> vezes.
187,most,<b>Most</b> kids like candy.,a maioria de,<b>A maioria das</b> crianças gosta de doces.
146,much,I have too <b>much</b> homework.,muitoa,Eu tenho <b>muita</b> tarefa.
298,much,I love you very <b>much</b>.,muito,Eu amo você <b>muito</b>.
2615,Muslim,He is a <b>Muslim</b> boy.,muçulmano,Ele é um menino <b>muçulmano</b>.
3546,Muslim,He is a good <b>Muslim</b>.,muçulmano,Ele é um bom <b>muçulmano</b>.
707,near,The cat is <b>near</b> the door.,perto,O gato está <b>perto</b> da porta.
4175,near,The winter is <b>near</b>.,aproximar,O inverno está se <b>aproximando</b>.
4317,near,Please come <b>near</b> me.,aproximar,Por favor venha se <b>aproximar</b> de mim.
2445,nearby,We went to a <b>nearby</b> park.,próximo,Nós fomos a um parque <b>próximo</b>.
3757,nearby,My friend lives <b>nearby</b>.,próximo,Meu amigo mora <b>próximo</b>.
1804,neither,I do not like it <b>neither</b>.,nem,Eu não gosto disso <b>nem</b> um pouco.
2940,neither,<b>Neither</b> boy is here.,"nem, nenhum",<b>Nenhum</b> menino está aqui.
2906,net,I search on the <b>net</b>.,internet,Eu pesquiso na <b>internet</b>.
3492,net,We have a fast <b>net</b> connection.,internet,Nós temos uma conexão rápida de <b>internet</b>.
218,next,You are the <b>next</b> in line.,próximo,Você é o <b>próximo</b> na fila.
1518,next,The dog is <b>next</b> to me.,próximo,O cachorro está <b>próximo</b> a mim.
93,no,I have <b>no</b> apples.,nenhuma,Eu não tenho <b>nenhuma</b> maçã.
699,no,He has <b>no</b> toys.,nenhum,Ele não tem <b>nenhum</b> brinquedo.
916,no,Please say <b>no</b>.,não,Por favor diga <b>não</b>.
1111,no,I want <b>no</b> cake.,nenhum,Eu não quero <b>nenhum</b> bolo.
4555,no,There is <b>no</b> water.,não,<b>Não</b> há água.
28,not,I am <b>not</b> sad.,não,Eu <b>não</b> estou triste.
2929,not,He is <b>not</b> here.,não,Ele <b>não</b> está aqui.
72,now,We can play <b>now</b>.,agora,Nós podemos brincar <b>agora</b>.
1906,now,<b>Now</b> we must rest.,agora,<b>Agora</b> nós devemos descansar.
205,off,The hat fell <b>off</b>.,fora,O chapéu caiu <b>fora</b>.
388,off,Get <b>off</b> the bed.,"fora, fora de",Saia <b>fora de</b> a cama.
527,official,He is a game <b>official</b>.,oficial,Ele é um <b>oficial</b> do jogo.
1846,official,This is an <b>official</b> rule.,oficial,Esta é uma regra <b>oficial</b>.
833,ok,The test was <b>ok</b>.,ok,A prova foi <b>ok</b>.
3046,OK,The game is <b>OK</b>.,ok,O jogo é <b>ok</b>.
1651,okay,I feel <b>okay</b> today.,ok,Eu me sinto <b>ok</b> hoje.
3379,okay,That is <b>okay</b>.,ok,Isso é <b>ok</b>.
17,on,The book is <b>on</b> the table.,"em, em cima",O livro está <b>em cima</b> da mesa.
155,on,He put his coat <b>on</b>.,sobre,Ele colocou seu casaco <b>sobre</b>.
301,once,I played this <b>once</b>.,uma vez,Eu joguei isso <b>uma vez</b>.
1191,once,<b>Once</b> you win you smile.,uma vez,<b>Uma vez</b> que você vence você sorri.
51,one,I have <b>one</b> dog.,"um, uma",Eu tenho <b>um</b> cachorro.
104,one,<b>One</b> must study a lot.,se,<b>Se</b> deve estudar muito.
839,one,He is the best <b>one</b>.,"um, uma",Ele é o melhor <b>um</b>.
2277,online,We play <b>online</b> games.,conectados,Nós jogamos jogos <b>conectados</b>.
3522,online,They talk <b>online</b>.,conectados,Eles conversam <b>conectados</b>.
101,only,I <b>only</b> have two coins.,"somente, apenas",Eu tenho <b>apenas</b> duas moedas.
329,only,He is the <b>only</b> child.,único,Ele é o <b>único</b> filho.
3171,orange,The car is <b>orange</b>.,laranja,O carro é <b>laranja</b>.
3303,orange,I eat an <b>orange</b>.,laranja,Eu como uma <b>laranja</b>.
75,other,Where is the <b>other</b> shoe?,outroa,Onde está o <b>outro</b> sapato?
715,other,Please give me the <b>other</b>.,outro,Por favor me dê o <b>outro</b>.
2355,other,We walk to the <b>other</b> side.,outro,Nós andamos para o <b>outro</b> lado.
64,out,Go <b>out</b> and play.,"fora, para fora",Vá <b>para fora</b> e brinque.
149,out,Take it <b>out</b> the box.,"fora de, para fora",Tire isso <b>fora de</b> a caixa.
812,outside,The cat is <b>outside</b> the house.,lá fora,O gato está <b>lá fora</b> da casa.
1750,outside,He waits <b>outside</b>.,do lado de fora de,Ele espera <b>do lado de fora de</b> casa.
2072,outside,Paint the <b>outside</b> wall.,fora,Pinte a parede de <b>fora</b>.
124,over,The bird flies <b>over</b> the tree.,"por cima de, em cima",O pássaro voa <b>por cima de</b> a árvore.
182,over,Put the blanket <b>over</b> the bed.,"por cima, em cima",Coloque o cobertor <b>por cima</b> da cama.
1955,overall,The <b>overall</b> score is high.,no geral,A pontuação <b>no geral</b> é alta.
3926,overall,<b>Overall</b> I like it.,no geral,<b>No geral</b> eu gosto disso.
2555,Palestinian,He has a <b>Palestinian</b> friend.,palestino,Ele tem um amigo <b>palestino</b>.
3155,Palestinian,The man is a <b>Palestinian</b>.,palestino,O homem é um <b>palestino</b>.
178,part,This is a small <b>part</b>.,"parte, porção",Esta é uma pequena <b>parte</b>.
1830,part,They play a good <b>part</b>.,papel,Eles fazem um bom <b>papel</b>.
4741,part,Be <b>part</b> of the team.,parte,Seja <b>parte</b> do time.
951,particular,This is a <b>particular</b> case.,particular,Este é um caso <b>particular</b>.
2569,particular,He likes this toy in <b>particular</b>.,especial,Ele gosta deste brinquedo em <b>especial</b>.
681,past,The <b>past</b> year was good.,passado,O ano <b>passado</b> foi bom.
979,past,I think about the <b>past</b>.,passado,Eu penso sobre o <b>passado</b>.
1393,past,I walk <b>past</b> the house.,"passado, anterior",Eu ando <b>passado</b> a casa.
3657,past,The time went <b>past</b> fast.,passado,O tempo foi <b>passado</b> rápido.
573,patient,He is a good <b>patient</b>.,paciente,Ele é um bom <b>paciente</b>.
3526,patient,Please be <b>patient</b> with me.,paciente,Por favor seja <b>paciente</b> comigo.
3584,plain,The <b>plain</b> is very fast.,avião,O <b>avião</b> é muito rápido.
4740,plain,Look at the big <b>plain</b>.,avião,Olhe para o grande <b>avião</b>.
1266,potential,You have <b>potential</b> power.,potencial,Você tem poder <b>potencial</b>.
2084,potential,He has great <b>potential</b>.,potencial,Ele tem grande <b>potencial</b>.
1337,present,He is <b>present</b> today.,presente,Ele está <b>presente</b> hoje.
2265,present,This is a <b>present</b> for you.,presente,Este é um <b>presente</b> para você.
799,pretty,The bird is very <b>pretty</b>.,bonito,O pássaro é muito <b>bonito</b>.
2482,pretty,She has a <b>pretty</b> dress.,bonito,Ela tem um vestido <b>bonito</b>.
1513,primary,Blue is a <b>primary</b> color.,"primário, principal",Azul é uma cor <b>primária</b>.
3899,primary,This is the <b>primary</b> step.,primário,Este é o passo <b>primário</b>.
3149,principal,He is the school <b>principal</b>.,diretor,Ele é o <b>diretor</b> da escola.
3334,principal,The <b>principal</b> is very smart.,diretor,O <b>diretor</b> é muito inteligente.
2879,prior,We need a <b>prior</b> notice.,prévio,Nós precisamos de um aviso <b>prévio</b>.
4239,prior,He gave a <b>prior</b> warning.,prévio,Ele deu um alerta <b>prévio</b>.
4097,pro,He is a golf <b>pro</b>.,pró,Ele é um <b>pró</b> do golfe.
4431,pro,I like the <b>pro</b> game.,pró,Eu gosto do jogo <b>pró</b>.
1098,professional,He is a <b>professional</b> player.,profissional,Ele é um jogador <b>profissional</b>.
2586,professional,My dad is a <b>professional</b>.,profissional,Meu pai é um <b>profissional</b>.
334,public,We go to a <b>public</b> park.,público,Nós vamos a um parque <b>público</b>.
861,public,The <b>public</b> loves the game.,público,O <b>público</b> ama o jogo.
4963,public,He speaks to the <b>public</b>.,público,Ele fala para o <b>público</b>.
863,rather,I will play <b>rather</b> than sleep.,em vez de,Eu vou brincar <b>em vez de</b> dormir.
976,rather,I am <b>rather</b> tired today.,"em vez de, um tatnto",Eu estou <b>um tanto</b> cansado hoje.
2474,rather,I want milk <b>rather</b> than juice.,em vez,Eu quero leite <b>em vez</b> de suco.
4252,regard,I say this with <b>regard</b>.,com respeito,Eu digo isso <b>com respeito</b>.
4817,regard,I have <b>regard</b> for you.,respeito,Eu tenho <b>respeito</b> por você.
2451,relative,The time is <b>relative</b>.,relativo,O tempo é <b>relativo</b>.
3180,relative,This is a <b>relative</b> fact.,relativo,Este é um fato <b>relativo</b>.
1989,representative,He is our <b>representative</b>.,representante,Ele é nosso <b>representante</b>.
4030,representative,She is the class <b>representative</b>.,representante,Ela é a <b>representante</b> da classe.
595,Republican,He is a <b>Republican</b>.,republicano,Ele é um <b>republicano</b>.
4897,republican,I read a <b>republican</b> book.,republicano,Eu leio um livro <b>republicano</b>.
1563,respect,Show <b>respect</b> to others.,respeito,Mostre <b>respeito</b> aos outros.
4305,respect,I treat him with <b>respect</b>.,respeito,Eu trato ele com <b>respeito</b>.
726,response,What is your <b>response</b>?,resposta,Qual é a sua <b>resposta</b>?
3709,response,I nod in <b>response</b>.,resposta,Eu aceno em <b>resposta</b>.
193,right,Do it <b>right</b> now.,"bem, logo",Faça isso <b>logo</b> agora.
240,right,You have the <b>right</b> to play.,direito,Você tem o <b>direito</b> de brincar.
318,right,Use your <b>right</b> hand.,direito,Use sua mão <b>direita</b>.
2393,round,The coin is a <b>round</b> shape.,redondo,A moeda é um formato <b>redondo</b>.
2962,round,The ball is <b>round</b>.,redondo,A bola é <b>redonda</b>.
3278,running,We have a <b>running</b> meeting.,encontro,Nós temos um <b>encontro</b>.
4730,running,The <b>running</b> was fun.,encontro,O <b>encontro</b> foi divertido.
1571,Russian,He is a <b>Russian</b> boy.,russo,Ele é um menino <b>russo</b>.
4033,Russian,My friend is a <b>Russian</b>.,russo,Meu amigo é um <b>russo</b>.
382,second,I am the <b>second</b> to go.,segundo,Eu sou o <b>segundo</b> a ir.
683,second,Wait one <b>second</b> please.,segundo,Espere um <b>segundo</b> por favor.
1884,secret,I have a big <b>secret</b>.,segredo,Eu tenho um grande <b>segredo</b>.
2045,secret,My base is a <b>secret</b>.,segredo,Minha base é um <b>segredo</b>.
1094,senior,He is a <b>senior</b> student.,sénior,Ele é um aluno <b>sénior</b>.
4140,senior,My dad is a <b>senior</b>.,senior,Meu pai é um <b>senior</b>.
628,short,The pencil is <b>short</b>.,"curto, baixo",O lápis é <b>curto</b>.
3765,short,He fell <b>short</b>.,baixo,Ele caiu <b>baixo</b>.
261,since,I am here <b>since</b> morning.,desde,Eu estou aqui <b>desde</b> de manhã.
876,since,We play <b>since</b> early.,desde,Nós brincamos <b>desde</b> cedo.
2998,since,I feel good <b>since</b> then.,desde a,Eu me sinto bem <b>desde a</b> hora.
55,so,I am <b>so</b> happy.,tão,Eu estou <b>tão</b> feliz.
196,so,I am tired <b>so</b> I sleep.,então,Eu estou cansado <b>então</b> eu durmo.
611,soon,I will see you <b>soon</b>.,"em breve, daqui a pouco",Eu verei você <b>em breve</b>.
2503,soon,We will arrive <b>soon</b>.,em breve,Nós chegaremos <b>em breve</b>.
2772,square,The box is <b>square</b>.,quadrado,A caixa é <b>quadrada</b>.
3374,square,Draw a red <b>square</b>.,quadrado,Desenhe um <b>quadrado</b> vermelho.
808,standard,This is the gold <b>standard</b>.,padrão,Este é o <b>padrão</b> ouro.
1783,standard,We use a <b>standard</b> size.,padrão,Nós usamos um tamanho <b>padrão</b>.
126,still,He is <b>still</b> here.,"ainda, todavia",Ele <b>ainda</b> está aqui.
2362,still,Keep your body <b>still</b>.,ainda,Mantenha seu corpo <b>ainda</b>.
1643,straight,Go <b>straight</b> ahead.,"direto, reto",Vá <b>direto</b> em frente.
2480,straight,Draw a <b>straight</b> line.,reto,Desenhe uma linha <b>reta</b>.
670,subject,The boy is the <b>subject</b>.,sujeito,O menino é o <b>sujeito</b>.
3665,subject,We are <b>subject</b> to rules.,sujeito,Nós somos <b>sujeitos</b> a regras.
183,such,It is <b>such</b> a good day.,"tal, assim",É <b>tal</b> um bom dia.
349,such,He is <b>such</b> tall.,tão,Ele é <b>tão</b> alto.
2890,sudden,It was a <b>sudden</b> stop.,de repente,Foi uma parada <b>de repente</b>.
4930,sudden,All of a <b>sudden</b> it rained.,de repente,Tudo <b>de repente</b> choveu.
348,sure,Are you <b>sure</b>?,certo,Você está <b>certo</b>?
2322,sure,I will <b>sure</b> go.,certo,Eu <b>certo</b> irei.
2862,terrorist,The police caught the <b>terrorist</b>.,terrorista,A polícia pegou o <b>terrorista</b>.
3203,terrorist,It was a <b>terrorist</b> attack.,terrorista,Foi um ataque <b>terrorista</b>.
73,than,I am taller <b>than</b> you.,do que,Eu sou mais alto <b>do que</b> você.
712,than,He has more <b>than</b> ten toys.,do que,Ele tem mais <b>do que</b> dez brinquedos.
12,that,I know <b>that</b> you are smart.,"essea, aquelea, aquilo",Eu sei <b>aquilo</b> que você é inteligente.
27,that,Look at <b>that</b> bird.,"essea, aquelea, aquilo",Olhe para <b>aquele</b> pássaro.
903,that,He is not <b>that</b> fast.,"esse, aquele, que",Ele não é <b>aquele</b> rápido.
53,there,The book is over <b>there</b>.,alí,O livro está <b>alí</b>.
116,there,Go <b>there</b> please.,"alí, lá",Vá <b>lá</b> por favor.
20,this,I like <b>this</b> game.,"estea, essea",Eu gosto <b>deste</b> jogo.
4665,this,It is <b>this</b> big.,esta,Isso é <b>esta</b> grande.
246,though,I will play <b>though</b> it is cold.,embora,Eu vou brincar <b>embora</b> esteja frio.
2757,though,It is hard <b>though</b>.,no entanto,Isso é difícil <b>no entanto</b>.
112,through,Look <b>through</b> the window.,"por, através",Olhe <b>através</b> da janela.
1216,through,Let me pass <b>through</b>.,a través de,Me deixe passar <b>através de</b>.
2765,tight,This shirt is very <b>tight</b>.,apertado,Esta camisa é muito <b>apertada</b>.
3431,tight,Hold my hand <b>tight</b>.,apertado,Segure minha mão <b>apertado</b>.
4949,till,Wait <b>till</b> I arrive.,até,Espere <b>até</b> eu chegar.
5000,till,Sleep <b>till</b> morning.,até,Durma <b>até</b> de manhã.
679,top,We reached the <b>top</b>.,"topo, pico",Nós chegamos ao <b>topo</b>.
961,top,He is a <b>top</b> player.,"top, melhor",Ele é um <b>melhor</b> jogador.
2823,top,The bird is on <b>top</b>.,topo,O pássaro está no <b>topo</b>.
1042,total,This is the <b>total</b> price.,total,Este é o preço <b>total</b>.
2380,total,The <b>total</b> is five.,total,O <b>total</b> é cinco.
226,under,The cat is <b>under</b> the bed.,"debaixo, embaixo",O gato está <b>debaixo</b> da cama.
1673,under,The boat went <b>under</b>.,sob,O barco foi <b>sob</b> a água.
2490,unlike,He is <b>unlike</b> his brother.,diferente,Ele é <b>diferente</b> do irmão dele.
3565,unlike,They are very <b>unlike</b>.,diferente,Eles são muito <b>diferentes</b>.
271,until,Wait <b>until</b> I call you.,até,Espere <b>até</b> eu ligar para você.
1375,until,I sleep <b>until</b> morning.,até,Eu durmo <b>até</b> de manhã.
50,up,Look <b>up</b> at the sky.,para cima,Olhe <b>para cima</b> para o céu.
456,up,We walk <b>up</b> the hill.,para cima,Nós andamos <b>para cima</b> da colina.
105,very,You are <b>very</b> smart.,muito,Você é <b>muito</b> inteligente.
1208,very,This is the <b>very</b> best.,muito,Este é o <b>muito</b> melhor.
2411,veteran,My grandpa is a <b>veteran</b>.,veterano,Meu avô é um <b>veterano</b>.
4849,veteran,He is a <b>veteran</b> player.,veterano,Ele é um jogador <b>veterano</b>.
84,way,This is the right <b>way</b>.,"caminho, maneira",Este é o <b>caminho</b> certo.
4090,way,Do it this <b>way</b>.,maneira,Faça isso desta <b>maneira</b>.
100,well,You play very <b>well</b>.,bem,Você joga muito <b>bem</b>.
644,well,He acts <b>well</b>.,bem,Ele age <b>bem</b>.
57,when,Tell me <b>when</b> to go.,quando,Me diga <b>quando</b> ir.
136,when,<b>When</b> is your party?,quando,<b>Quando</b> é a sua festa?
169,where,I know <b>where</b> to go.,onde,Eu sei <b>onde</b> ir.
190,where,<b>Where</b> is my toy?,onde,<b>Onde</b> está meu brinquedo?
153,while,I sing <b>while</b> I shower.,enquanto,Eu canto <b>enquanto</b> eu tomo banho.
1327,while,We stayed for a <b>while</b>.,enquanto,Nós ficamos por um <b>enquanto</b>.
302,white,The milk is <b>white</b>.,branco,O leite é <b>branco</b>.
2740,white,I like the color <b>white</b>.,branco,Eu gosto da cor <b>branca</b>.
468,whole,I ate the <b>whole</b> pizza.,"inteiro, completo",Eu comi a pizza <b>inteira</b>.
2243,whole,Two halves make a <b>whole</b>.,inteira,Duas metades fazem uma <b>inteira</b>.
48,will,I <b>will</b> play with you.,"-ará, -erá, -irá",Eu brinc<b>arei</b> com você.
1506,will,He has a strong <b>will</b>.,vontade,Ele tem uma <b>vontade</b> forte.
353,within,The key is <b>within</b> the box.,dentro,A chave está <b>dentro</b> da caixa.
4900,within,Keep the dog <b>within</b>.,dentro de,Mantenha o cachorro <b>dentro de</b> casa.
4505,worldwide,The game is played <b>worldwide</b>.,no mundo todo,O jogo é jogado <b>no mundo todo</b>.
4899,worldwide,It is a <b>worldwide</b> event.,no mundo todo,É um evento <b>no mundo todo</b>.
1360,worth,This toy is <b>worth</b> five coins.,valor,Este brinquedo tem o <b>valor</b> de cinco moedas.
2841,worth,Prove your <b>worth</b>.,valor,Prove o seu <b>valor</b>.
656,wrong,This answer is <b>wrong</b>.,errado,Esta resposta está <b>errada</b>.
3901,wrong,You spelled it <b>wrong</b>.,errado,Você soletrou isso <b>errado</b>.